line,seq,station_name,station_id
1号线,1,河南工业大学,ZZS_aed2ee7bb7
1号线,2,郑大科技园,ZZS_b37a0bcf35
1号线,3,郑州大学,ZZS_e4b35b2f4d
1号线,4,梧桐街,ZZS_ae1b2afcad
1号线,5,兰寨,ZZS_52a5a7940c
1号线,6,铁炉,ZZS_1acdaac4ce
1号线,7,市民中心,ZZS_d61a964e41
1号线,8,西流湖,ZZS_e67ffc082e
1号线,9,西三环,ZZS_881a48e5bb
1号线,10,秦岭路,ZZS_89f2ce9b1d
1号线,11,五一公园,ZZS_27d32a2e36
1号线,12,碧沙岗,ZZS_00f55fa149
1号线,13,绿城广场,ZZS_3813354d55
1号线,14,医学院,ZZS_c9109d3d9f
1号线,15,郑州火车站,ZZS_90196f31d6
1号线,16,二七广场,ZZS_0ccbb4888d
1号线,17,人民路,ZZS_bb3c17098a
1号线,18,紫荆山,ZZS_a14df2d44f
1号线,19,燕庄,ZZS_38180914a0
1号线,20,民航路,ZZS_ff2a277828
1号线,21,会展中心,ZZS_87213b5129
1号线,22,黄河南路,ZZS_b8d795b006
1号线,23,农业南路,ZZS_0660d199a6
1号线,24,东风南路,ZZS_065e638aef
1号线,25,郑州东站,ZZS_ff6940526d
1号线,26,博学路,ZZS_bf7f2bfbd0
1号线,27,市体育中心,ZZS_cc61daaced
1号线,28,龙子湖,ZZS_b0ac143899
1号线,29,文苑北路,ZZS_6c89efbe2c
1号线,30,河南大学新区,ZZS_5d37b2006d
2号线,1,贾河,ZZS_c180efc575
2号线,2,惠济区政府,ZZS_72de4f5f66
2号线,3,毛庄,ZZS_1a5721a427
2号线,4,黄河迎宾馆,ZZS_abc078ccd5
2号线,5,金洼,ZZS_43a808507b
2号线,6,金达路,ZZS_4d258fdd50
2号线,7,刘庄,ZZS_6b600b7696
2号线,8,柳林,ZZS_bdc2a71da9
2号线,9,沙门,ZZS_90c4ce1eb7
2号线,10,北三环,ZZS_ff256e6634
2号线,11,东风路,ZZS_ff491e6fdf
2号线,12,关虎屯,ZZS_2bd57be00d
2号线,13,黄河路,ZZS_7dd13fd23f
2号线,14,紫荆山,ZZS_a14df2d44f
2号线,15,东大街,ZZS_51e572c7c3
2号线,16,陇海东路,ZZS_a7b91da4c7
2号线,17,二里岗,ZZS_93b9249040
2号线,18,南五里堡,ZZS_20262a52f0
2号线,19,花寨,ZZS_9f383e1427
2号线,20,南三环,ZZS_02cf3e4cf5
2号线,21,站马屯,ZZS_9660c27c11
2号线,22,南四环,ZZS_54adf32b6c
3号线,1,省体育中心,ZZS_6605be2a4e
3号线,2,王砦,ZZS_662c95b759
3号线,3,兴隆铺,ZZS_9a51a2fe83
3号线,4,同乐,ZZS_973f67bf8a
3号线,5,南阳新村,ZZS_44eab6c022
3号线,6,海滩寺,ZZS_31a002aa03
3号线,7,大石桥,ZZS_c8f4a267a6
3号线,8,人民公园,ZZS_b9cd9992ce
3号线,9,二七广场,ZZS_0ccbb4888d
3号线,10,西大街,ZZS_1371fabdab
3号线,11,东大街,ZZS_51e572c7c3
3号线,12,郑州文庙,ZZS_13fc13c558
3号线,13,博览中心,ZZS_ba70aa715e
3号线,14,凤凰台,ZZS_29284451da
3号线,15,东十里铺,ZZS_28ee7061d7
3号线,16,通泰路,ZZS_6a0a21f658
3号线,17,西周,ZZS_a9af1749e0
3号线,18,东周,ZZS_25a45ff011
3号线,19,省骨科医院,ZZS_a3cc0229f4
3号线,20,圃田西,ZZS_b5c4192440
3号线,21,营岗,ZZS_5563728074
3号线,22,潮河,ZZS_ef6263ba13
3号线,23,滨河新城,ZZS_c5943bbf34
3号线,24,司赵,ZZS_05d97db6f2
3号线,25,滨河新城南,ZZS_e9c14949ec
4号线,1,老鸦陈,ZZS_047175b6e2
4号线,2,省体育中心,ZZS_6605be2a4e
4号线,3,北二十里铺,ZZS_6a9a14f197
4号线,4,丰庆路,ZZS_3546d6d127
4号线,5,张家村,ZZS_eca427650a
4号线,6,陈寨东,ZZS_548bc6fa98
4号线,7,沙门,ZZS_90c4ce1eb7
4号线,8,杨君刘,ZZS_95fb90b688
4号线,9,森林公园北,ZZS_55f9aea406
4号线,10,清华附中,ZZS_ccf9ac5267
4号线,11,龙湖中环北,ZZS_9965eccc39
4号线,12,龙湖北,ZZS_dbb2385d18
4号线,13,金融岛北,ZZS_542d10f6f0
4号线,14,金融岛南,ZZS_aa3686fb6d
4号线,15,龙湖南,ZZS_25a4eab92b
4号线,16,龙湖中环南,ZZS_eda0ec6e78
4号线,17,农业东路,ZZS_d86c49fbed
4号线,18,中央商务区,ZZS_1236ed80e3
4号线,19,会展中心,ZZS_87213b5129
4号线,20,商鼎路,ZZS_06c5d1c11c
4号线,21,东十里铺,ZZS_28ee7061d7
4号线,22,货站街,ZZS_90de6fab35
4号线,23,七里河,ZZS_45679e4fc0
4号线,24,果树所,ZZS_93f56b73b3
4号线,25,金岱,ZZS_1acd4fa835
4号线,26,姚庄,ZZS_1e911360df
4号线,27,郎庄,ZZS_184971fb41
5号线,1,月季公园,ZZS_ae7cc361da
5号线,2,沙口路,ZZS_deb2edc4a2
5号线,3,海滩寺,ZZS_31a002aa03
5号线,4,郑州人民医院,ZZS_5b6c4f8186
5号线,5,黄河路,ZZS_7dd13fd23f
5号线,6,省人民医院,ZZS_9d8185e03c
5号线,7,姚砦,ZZS_cb2e15cfa0
5号线,8,众意西路,ZZS_3ada9c57dc
5号线,9,中央商务区,ZZS_1236ed80e3
5号线,10,儿童医院,ZZS_bd17c52fa6
5号线,11,祭城,ZZS_386438745b
5号线,12,金水东路,ZZS_190cc56901
5号线,13,郑州东站,ZZS_ff6940526d
5号线,14,康宁街,ZZS_20dcf363fc
5号线,15,省骨科医院,ZZS_a3cc0229f4
5号线,16,经北二路,ZZS_2db8e2eabe
5号线,17,经开中心广场,ZZS_c995bf7092
5号线,18,福塔东,ZZS_14efbdcc1b
5号线,19,中原福塔,ZZS_5babce6145
5号线,20,七里河,ZZS_45679e4fc0
5号线,21,航海广场,ZZS_f095e9678f
5号线,22,城东南路,ZZS_1246e07d02
5号线,23,南五里堡,ZZS_20262a52f0
5号线,24,冯庄,ZZS_f97030e2b9
5号线,25,京广南路,ZZS_4dd2360957
5号线,26,市第二人民医院,ZZS_5dc87121c2
5号线,27,齐礼阎,ZZS_9a26907088
5号线,28,后河芦,ZZS_c94675c30b
5号线,29,桐淮,ZZS_c720567666
5号线,30,陇海西路,ZZS_001bf66fc1
5号线,31,市中心医院,ZZS_136c32a256
5号线,32,五一公园,ZZS_27d32a2e36
6号线,1,贾峪,ZZS_2f6e9b8cad
6号线,2,洞林湖,ZZS_eab04601b0
6号线,3,洞林寺,ZZS_77acb25c9b
6号线,4,安宁路,ZZS_e6a9c90243
6号线,5,马寨,ZZS_485552a0e0
6号线,6,河南建院,ZZS_be7c73e65a
6号线,7,金桢路,ZZS_f593248d09
6号线,8,奥体中心西,ZZS_7af1d05702
6号线,9,奥体中心,ZZS_5479c586b4
6号线,10,常庄,ZZS_9e03ca5f4c
6号线,11,冯湾,ZZS_5d10963dfa
6号线,12,李江沟,ZZS_c684a04cd3
6号线,13,卧龙岗,ZZS_5d76a54f7e
6号线,14,桐淮,ZZS_c720567666
6号线,15,嵩淮,ZZS_d657129917
6号线,16,大学中路,ZZS_388ac52a0a
6号线,17,火车头体育场,ZZS_20d2a84fd8
6号线,18,陇秀公园,ZZS_920af7f7b2
6号线,19,二里岗,ZZS_93b9249040
6号线,20,二里岗东,ZZS_50d016b586
6号线,21,凤凰台南,ZZS_fab270f5e2
6号线,22,博览中心,ZZS_ba70aa715e
6号线,23,燕庄,ZZS_38180914a0
6号线,24,姚砦,ZZS_cb2e15cfa0
6号线,25,金汇桥,ZZS_012609616a
6号线,26,小营,ZZS_1f9e3949c9
6号线,27,金融岛西,ZZS_7027bf40e7
6号线,28,清华附中,ZZS_ccf9ac5267
7号线,1,东赵,ZZS_017f9f7875
7号线,2,黄河迎宾馆,ZZS_abc078ccd5
7号线,3,北大学城,ZZS_05baea497e
7号线,4,刘李寺,ZZS_acc81fc7cf
7号线,5,张家村,ZZS_eca427650a
7号线,6,陈寨,ZZS_d8521d5c3b
7号线,7,白庙,ZZS_d86aaedd03
7号线,8,农业大学,ZZS_21cd47bbd9
7号线,9,郑州人民医院,ZZS_5b6c4f8186
7号线,10,大石桥,ZZS_c8f4a267a6
7号线,11,郑大一附院,ZZS_7cc440f48e
7号线,12,医学院,ZZS_c9109d3d9f
7号线,13,市骨科医院,ZZS_5649ff9c65
7号线,14,大学中路,ZZS_388ac52a0a
7号线,15,市第二人民医院,ZZS_5dc87121c2
7号线,16,王胡寨,ZZS_96226bcc6f
7号线,17,李江路,ZZS_d5ccc1f8fe
7号线,18,京广路,ZZS_e93055a2d4
7号线,19,南环公园,ZZS_8a189aa278
7号线,20,南岗刘,ZZS_6cce175bd4
8号线,1,天健湖,ZZS_2696ac305b
8号线,2,轻工业大学,ZZS_d9b30933bc
8号线,3,祥营,ZZS_4b22562d02
8号线,4,郑州大学,ZZS_e4b35b2f4d
8号线,5,银屏路,ZZS_afbafd2356
8号线,6,冬青街,ZZS_a6984fc653
8号线,7,南流,ZZS_8e500de2da
8号线,8,大学科技园,ZZS_14975bb40b
8号线,9,五龙口,ZZS_1da410d5c4
8号线,10,同乐,ZZS_973f67bf8a
8号线,11,省中医院,ZZS_479fe26d80
8号线,12,白庙,ZZS_d86aaedd03
8号线,13,东风路,ZZS_ff491e6fdf
8号线,14,枣庄,ZZS_1798713287
8号线,15,小营,ZZS_1f9e3949c9
8号线,16,龙湖中环南,ZZS_eda0ec6e78
8号线,17,郑大一附院东区,ZZS_53800581f9
8号线,18,高铁公园,ZZS_371844c59b
8号线,19,畅和街,ZZS_d42cc93ba3
8号线,20,郑州东站,ZZS_ff6940526d
8号线,21,圃田西,ZZS_b5c4192440
8号线,22,圃田,ZZS_183636a902
8号线,23,省社科院,ZZS_8613b32067
8号线,24,福泽路,ZZS_92917e47af
8号线,25,李湖桥,ZZS_2dccccd192
8号线,26,龙王庙,ZZS_05998450f4
8号线,27,绿博园,ZZS_69db9cfc46
8号线,28,鲁庙,ZZS_b2a66125f0
10号线,1,郑州西站,ZZS_9d546847d5
10号线,2,李商隐公园,ZZS_193238e3af
10号线,3,庙王,ZZS_6497dca4fb
10号线,4,柳湖,ZZS_5925b9eaa7
10号线,5,市委党校,ZZS_f453749a84
10号线,6,郑州一中,ZZS_8b4f322227
10号线,7,西流湖公园南,ZZS_6f9fa1c519
10号线,8,二砂,ZZS_90377f53c5
10号线,9,市中心医院,ZZS_136c32a256
10号线,10,绿城广场,ZZS_3813354d55
10号线,11,医学院,ZZS_c9109d3d9f
10号线,12,郑州火车站,ZZS_90196f31d6
12号线,1,龙子湖东,ZZS_4eb4353851
12号线,2,龙子湖,ZZS_b0ac143899
12号线,3,郑州东站,ZZS_ff6940526d
12号线,4,郑州东站东广场,ZZS_9b58e62d57
12号线,5,博学路,ZZS_bf7f2bfbd0
12号线,6,龙翔桥,ZZS_b4e7594df2
12号线,7,中原福塔,ZZS_5babce6145
12号线,8,儿童医院,ZZS_bd17c52fa6
12号线,9,龙湖中环南,ZZS_eda0ec6e78
12号线,10,西周,ZZS_a9af1749e0
12号线,11,龙湖北,ZZS_dbb2385d18
14号线,1,铁炉,ZZS_1acdaac4ce
14号线,2,市民大道,ZZS_e37b46cf08
14号线,3,市委党校,ZZS_f453749a84
14号线,4,奥体中心,ZZS_5479c586b4
14号线,5,莲湖,ZZS_311ece53d8
城郊线,1,南四环,ZZS_54adf32b6c
城郊线,2,十八里河,ZZS_7a33fc56d1
城郊线,3,沙窝李,ZZS_afdeac8ac7
城郊线,4,双湖大道,ZZS_63fa0eb855
城郊线,5,小乔,ZZS_5ce22f5450
城郊线,6,华南城西,ZZS_21e3ae133c
城郊线,7,华南城,ZZS_4db99ddb57
城郊线,8,华南城东,ZZS_6e6f33dc37
城郊线,9,孟庄,ZZS_d0e428cc6b
城郊线,10,港区北,ZZS_4c088f0629
城郊线,11,康平湖,ZZS_1d568209e2
城郊线,12,兰河公园,ZZS_4ff5935177
城郊线,13,恩平湖,ZZS_3e49b8e765
城郊线,14,综合保税区,ZZS_2b74f7ecc4
城郊线,15,新郑机场,ZZS_9a0290117b
城郊线,16,机场东,ZZS_a4bd95d57e
城郊线,17,港区会展,ZZS_3258f191b1
城郊线,18,郑州航空港站,ZZS_eef68bcc4f
郑许线,1,长安路北,ZZS_bbbbcdb24d
郑许线,2,港区北,ZZS_4c088f0629
郑许线,3,文体中心,ZZS_1f7dc8a65a
郑许线,4,枣园,ZZS_ebaef5d27b
郑许线,5,翱翔路,ZZS_5d8826907f
郑许线,6,长安路南,ZZS_e951174f12
郑许线,7,新郑机场,ZZS_9a0290117b
郑许线,8,遵大路,ZZS_721efabad4
郑许线,9,苑陵故城西,ZZS_0f8adc1496
郑许线,10,洵美路,ZZS_8fd42d1a04
郑许线,11,龙王,ZZS_45b435a34a
郑许线,12,龙王南,ZZS_8838532f74
郑许线,13,双鹤湖北,ZZS_7af2d857e7
郑许线,14,双鹤湖,ZZS_34a20fb268
郑许线,15,双鹤湖南,ZZS_34069e58e5
郑许线,16,八千,ZZS_6dc0109470
郑许线,17,双庙李,ZZS_f8022f5ac8
郑许线,18,大周,ZZS_8a7aa5c8f9
郑许线,19,颍川路,ZZS_9148507447
郑许线,20,葛天源,ZZS_b07727d50b
郑许线,21,永和路,ZZS_f158b4d09f
郑许线,22,农大路,ZZS_6183e5bf7e
郑许线,23,体育中心,ZZS_c87aa9753c
郑许线,24,电气谷,ZZS_102923cded
郑许线,25,芙蓉湖,ZZS_74b7b3e8db
郑许线,26,鹿鸣湖,ZZS_5c63070ae3
郑许线,27,许昌东,ZZS_559f31d846
