doc_id,station_id,station_name,confidence,match_rule,evidence_span,event_label,event_label_name,event_severity,event_line_mentions
ZZM_CN_05cb051f2fa6,ZZS_0ccbb4888d,二七广场,0.9,exact+line,1号线|二七广场,0,normal_info,0,1号线
ZZM_CN_05dd54787563,ZZS_e4b35b2f4d,郑州大学,0.9,exact,郑州大学,0,normal_info,0,
ZZM_CN_0621a969f279,ZZS_136c32a256,市中心医院,0.9,exact,市中心医院,0,normal_info,0,
ZZM_CN_07888babfa59,ZZS_c87aa9753c,体育中心,0.9,exact,体育中心,3,facility_equipment,0,1号线
ZZM_CN_07888babfa59,ZZS_cc61daaced,市体育中心,0.9,exact+line,1号线|市体育中心,3,facility_equipment,0,1号线
ZZM_CN_0840ef13a984,ZZS_a14df2d44f,紫荆山,0.9,exact+line,2号线|紫荆山,0,normal_info,0,2号线
ZZM_CN_0953d1fa6b10,ZZS_e4b35b2f4d,郑州大学,0.9,exact,郑州大学,0,normal_info,0,
ZZM_CN_0a089f49f5b1,ZZS_87213b5129,会展中心,0.9,exact,会展中心,0,normal_info,0,
ZZM_CN_0aa89e5a2aaa,ZZS_a14df2d44f,紫荆山,0.9,exact+line,2号线|紫荆山,0,normal_info,0,2号线
ZZM_CN_0b2077459cc2,ZZS_a14df2d44f,紫荆山,0.9,exact+line,1号线|紫荆山,0,normal_info,0,1号线
ZZM_CN_0c0b023c9346,ZZS_ccf9ac5267,清华附中,0.9,exact+line,6号线|清华附中,3,facility_equipment,3,6号线
ZZM_CN_0d0e73126912,ZZS_c87aa9753c,体育中心,0.9,exact,体育中心,0,normal_info,0,
ZZM_CN_0ec751c70f57,ZZS_27d32a2e36,五一公园,0.9,exact,五一公园,0,normal_info,3,2号线
ZZM_CN_0ff7131adce6,ZZS_c87aa9753c,体育中心,0.9,exact,体育中心,1,service_disruption,0,1号线
ZZM_CN_0ff7131adce6,ZZS_cc61daaced,市体育中心,0.9,exact+line,1号线|市体育中心,1,service_disruption,0,1号线
ZZM_CN_123711d2f734,ZZS_ff6940526d,郑州东站,0.9,exact,郑州东站,0,normal_info,0,
ZZM_CN_13c359099ac3,ZZS_87213b5129,会展中心,0.9,exact+line,1号线|会展中心,0,normal_info,0,1号线
ZZM_CN_14cdf88ae0bd,ZZS_a14df2d44f,紫荆山,0.9,exact,紫荆山,0,normal_info,0,
ZZM_CN_16599056ad5d,ZZS_a14df2d44f,紫荆山,0.9,exact,紫荆山,0,normal_info,0,
ZZM_CN_1939163de85f,ZZS_d86c49fbed,农业东路,0.9,exact,农业东路,0,normal_info,0,1号线
ZZM_CN_1939163de85f,ZZS_ff2a277828,民航路,0.9,exact+line,1号线|民航路,0,normal_info,0,1号线
ZZM_CN_1a18006537ba,ZZS_a14df2d44f,紫荆山,0.9,exact+line,1号线|紫荆山,2,safety_emergency,2,1号线
ZZM_CN_1a7aab5f8ff9,ZZS_a14df2d44f,紫荆山,0.9,exact+line,1号线|紫荆山,0,normal_info,0,1号线
ZZM_CN_1beb5638e8a6,ZZS_45679e4fc0,七里河,0.9,exact+line,5号线|七里河,1,service_disruption,0,1号线|5号线
ZZM_CN_1ebe8fdc3399,ZZS_6b600b7696,刘庄,0.9,exact,刘庄,0,normal_info,0,
ZZM_CN_1f15b102a8f3,ZZS_ff6940526d,郑州东站,0.9,exact,郑州东站,0,normal_info,0,
ZZM_CN_210e464e425d,ZZS_5d37b2006d,河南大学新区,0.9,exact+line,1号线|河南大学新区,0,normal_info,0,1号线
ZZM_CN_27d93b78fbfa,ZZS_9660c27c11,站马屯,0.9,exact+line,2号线|站马屯,0,normal_info,0,2号线
ZZM_CN_28849a95b4b0,ZZS_e4b35b2f4d,郑州大学,0.9,exact+line,1号线|郑州大学,0,normal_info,0,1号线
ZZM_CN_2b3b490828d2,ZZS_45679e4fc0,七里河,0.9,exact+line,5号线|七里河,1,service_disruption,0,1号线|5号线
ZZM_CN_2d1ca062fc54,ZZS_a14df2d44f,紫荆山,0.9,exact+line,1号线|紫荆山,0,normal_info,0,1号线
ZZM_CN_2eab25dac155,ZZS_9a26907088,齐礼阎,0.9,exact+line,5号线|齐礼阎,0,normal_info,0,5号线
ZZM_CN_30c78138cc35,ZZS_0ccbb4888d,二七广场,0.9,exact+line,1号线|二七广场,0,normal_info,0,1号线
ZZM_CN_30c78138cc35,ZZS_e67ffc082e,西流湖,0.9,exact+line,1号线|西流湖,0,normal_info,0,1号线
ZZM_CN_33b1f3d7d08e,ZZS_1236ed80e3,中央商务区,0.9,exact+line,5号线|中央商务区,0,normal_info,0,5号线
ZZM_CN_36e61f45c1a3,ZZS_0ccbb4888d,二七广场,0.9,exact+line,3号线|二七广场,0,normal_info,0,3号线
ZZM_CN_36e61f45c1a3,ZZS_51e572c7c3,东大街,0.9,exact+line,3号线|东大街,0,normal_info,0,3号线
ZZM_CN_36e61f45c1a3,ZZS_5563728074,营岗,0.9,exact+line,3号线|营岗,0,normal_info,0,3号线
ZZM_CN_36e61f45c1a3,ZZS_a9af1749e0,西周,0.9,exact+line,3号线|西周,0,normal_info,0,3号线
ZZM_CN_39ef36fed15d,ZZS_2bd57be00d,关虎屯,0.9,exact,关虎屯,0,normal_info,0,
ZZM_CN_3b85db1aba0b,ZZS_54adf32b6c,南四环,0.9,exact+line,2号线|南四环|城郊线,0,normal_info,0,1号线|2号线|城郊线
ZZM_CN_3b85db1aba0b,ZZS_6b600b7696,刘庄,0.9,exact+line,2号线|刘庄,0,normal_info,0,1号线|2号线|城郊线
ZZM_CN_3f9135f42d56,ZZS_3813354d55,绿城广场,0.9,exact+line,1号线|绿城广场,0,normal_info,0,1号线
ZZM_CN_42e94640f1ac,ZZS_a14df2d44f,紫荆山,0.9,exact+line,1号线|2号线|紫荆山,0,normal_info,0,1号线|2号线
ZZM_CN_42e94640f1ac,ZZS_ff2a277828,民航路,0.9,exact+line,1号线|民航路,0,normal_info,0,1号线|2号线
ZZM_CN_445cef09a996,ZZS_a14df2d44f,紫荆山,0.9,exact+line,1号线|紫荆山,2,safety_emergency,3,1号线
ZZM_CN_45eb6161c71a,ZZS_0ccbb4888d,二七广场,0.9,exact+line,1号线|二七广场,0,normal_info,0,1号线|2号线
ZZM_CN_45eb6161c71a,ZZS_c87aa9753c,体育中心,0.9,exact,体育中心,0,normal_info,0,1号线|2号线
ZZM_CN_45eb6161c71a,ZZS_ff2a277828,民航路,0.9,exact+line,1号线|民航路,0,normal_info,0,1号线|2号线
ZZM_CN_4680a4791db0,ZZS_0ccbb4888d,二七广场,0.9,exact+line,1号线|二七广场,0,normal_info,0,1号线
ZZM_CN_4680a4791db0,ZZS_87213b5129,会展中心,0.9,exact+line,1号线|会展中心,0,normal_info,0,1号线
ZZM_CN_4696f60ab971,ZZS_90196f31d6,郑州火车站,0.9,exact+line,1号线|郑州火车站,4,crowd_weather_external,1,1号线
ZZM_CN_46cd2f5d5a0a,ZZS_a14df2d44f,紫荆山,0.9,exact+line,1号线|紫荆山,0,normal_info,0,1号线
ZZM_CN_46cd2f5d5a0a,ZZS_bf7f2bfbd0,博学路,0.9,exact+line,1号线|博学路,0,normal_info,0,1号线
ZZM_CN_470a75af9b97,ZZS_c9109d3d9f,医学院,0.9,exact+line,1号线|医学院,0,normal_info,0,1号线
ZZM_CN_470a75af9b97,ZZS_e67ffc082e,西流湖,0.9,exact+line,1号线|西流湖,0,normal_info,0,1号线
ZZM_CN_490a25d55ec0,ZZS_a14df2d44f,紫荆山,0.9,exact+line,1号线|紫荆山,2,safety_emergency,2,1号线
ZZM_CN_499a5a3efb7d,ZZS_136c32a256,市中心医院,0.9,exact+line,5号线|市中心医院,0,normal_info,0,5号线
ZZM_CN_49c01edff005,ZZS_a14df2d44f,紫荆山,0.9,exact+line,1号线|紫荆山,0,normal_info,0,1号线|4号线|14号线
ZZM_CN_4a097e5b8987,ZZS_a14df2d44f,紫荆山,0.9,exact,紫荆山,0,normal_info,0,
ZZM_CN_4b011a28ba2d,ZZS_4c088f0629,港区北,0.9,exact+line,港区北|郑许线,0,normal_info,0,郑许线
ZZM_CN_4b011a28ba2d,ZZS_559f31d846,许昌东,0.9,exact+line,许昌东|郑许线,0,normal_info,0,郑许线
ZZM_CN_4b22f0a3afa1,ZZS_20dcf363fc,康宁街,0.9,exact+line,5号线|康宁街,3,facility_equipment,0,5号线
ZZM_CN_4da6724eb650,ZZS_a14df2d44f,紫荆山,0.9,exact+line,1号线|紫荆山,0,normal_info,0,1号线
ZZM_CN_515a842b946f,ZZS_2bd57be00d,关虎屯,0.9,exact+line,2号线|关虎屯,0,normal_info,0,2号线
ZZM_CN_515a842b946f,ZZS_ff491e6fdf,东风路,0.9,exact+line,2号线|东风路,0,normal_info,0,2号线
ZZM_CN_5201b74b3bfa,ZZS_ff6940526d,郑州东站,0.9,exact,郑州东站,0,normal_info,0,
ZZM_CN_525174e7f8b2,ZZS_a14df2d44f,紫荆山,0.9,exact,紫荆山,0,normal_info,0,
ZZM_CN_52c33b181745,ZZS_0ccbb4888d,二七广场,0.9,exact+line,1号线|二七广场,0,normal_info,0,1号线
ZZM_CN_52c33b181745,ZZS_ff6940526d,郑州东站,0.9,exact+line,1号线|郑州东站,0,normal_info,0,1号线
ZZM_CN_5506de6d3030,ZZS_ff6940526d,郑州东站,0.9,exact+line,5号线|郑州东站,0,normal_info,0,5号线
ZZM_CN_578642c80f17,ZZS_a14df2d44f,紫荆山,0.9,exact+line,1号线|紫荆山,0,normal_info,0,1号线
ZZM_CN_5ab4f4c56965,ZZS_5b6c4f8186,郑州人民医院,0.9,exact,郑州人民医院,0,normal_info,0,
ZZM_CN_5cc52371cfbd,ZZS_29284451da,凤凰台,0.9,exact+line,3号线|凤凰台,0,normal_info,0,3号线
ZZM_CN_5cc52371cfbd,ZZS_44eab6c022,南阳新村,0.9,exact+line,3号线|南阳新村,0,normal_info,0,3号线
ZZM_CN_5cc52371cfbd,ZZS_51e572c7c3,东大街,0.9,exact+line,3号线|东大街,0,normal_info,0,3号线
ZZM_CN_5cc52371cfbd,ZZS_b9cd9992ce,人民公园,0.9,exact+line,3号线|人民公园,0,normal_info,0,3号线
ZZM_CN_5ee33b43a60b,ZZS_87213b5129,会展中心,0.9,exact+line,1号线|会展中心,0,normal_info,0,1号线
ZZM_CN_609552efac4f,ZZS_6b600b7696,刘庄,0.9,exact+line,2号线|刘庄,0,normal_info,0,2号线|3号线|4号线|5号线
ZZM_CN_609552efac4f,ZZS_c180efc575,贾河,0.9,exact+line,2号线|贾河,0,normal_info,0,2号线|3号线|4号线|5号线
ZZM_CN_62283e78c3d8,ZZS_d86c49fbed,农业东路,0.9,exact,农业东路,0,normal_info,0,1号线
ZZM_CN_62283e78c3d8,ZZS_ff2a277828,民航路,0.9,exact+line,1号线|民航路,0,normal_info,0,1号线
ZZM_CN_6cfd9f062a28,ZZS_45679e4fc0,七里河,0.9,exact,七里河,1,service_disruption,0,1号线
ZZM_CN_6cfd9f062a28,ZZS_90196f31d6,郑州火车站,0.9,exact+line,1号线|郑州火车站,1,service_disruption,0,1号线
ZZM_CN_6cfd9f062a28,ZZS_d86c49fbed,农业东路,0.9,exact,农业东路,1,service_disruption,0,1号线
ZZM_CN_6da6451acfdc,ZZS_45679e4fc0,七里河,0.9,exact+line,4号线|七里河,0,normal_info,0,4号线
ZZM_CN_6e94f529536a,ZZS_51e572c7c3,东大街,0.9,exact+line,2号线|东大街,0,normal_info,0,2号线
ZZM_CN_6f5acc99b683,ZZS_f453749a84,市委党校,0.9,exact,市委党校,0,normal_info,0,
ZZM_CN_71c85a95f441,ZZS_c87aa9753c,体育中心,0.9,exact,体育中心,0,normal_info,0,1号线
ZZM_CN_71c85a95f441,ZZS_cc61daaced,市体育中心,0.9,exact+line,1号线|市体育中心,0,normal_info,0,1号线
ZZM_CN_733dc7747865,ZZS_4db99ddb57,华南城,0.9,exact,华南城,0,normal_info,0,
ZZM_CN_733dc7747865,ZZS_5ce22f5450,小乔,0.9,exact,小乔,0,normal_info,0,
ZZM_CN_733dc7747865,ZZS_6e6f33dc37,华南城东,0.9,exact,华南城东,0,normal_info,0,
ZZM_CN_73d838ee48d3,ZZS_b8d795b006,黄河南路,0.9,exact+line,1号线|黄河南路,0,normal_info,3,1号线|2号线
ZZM_CN_74fc7a84a31b,ZZS_a14df2d44f,紫荆山,0.9,exact,紫荆山,0,normal_info,0,
ZZM_CN_754380a04c07,ZZS_c87aa9753c,体育中心,0.9,exact,体育中心,0,normal_info,0,1号线
ZZM_CN_754380a04c07,ZZS_cc61daaced,市体育中心,0.9,exact+line,1号线|市体育中心,0,normal_info,0,1号线
ZZM_CN_7884598c360c,ZZS_bf7f2bfbd0,博学路,0.9,exact,博学路,1,service_disruption,0,3号线
ZZM_CN_79debf759787,ZZS_a14df2d44f,紫荆山,0.9,exact,紫荆山,0,normal_info,3,
ZZM_CN_7a07e1baddfd,ZZS_3813354d55,绿城广场,0.9,exact,绿城广场,0,normal_info,0,
ZZM_CN_7b4b664f3e1c,ZZS_a14df2d44f,紫荆山,0.9,exact+line,1号线|紫荆山,0,normal_info,0,1号线
ZZM_CN_7c04a5094d95,ZZS_0660d199a6,农业南路,0.9,exact+line,1号线|农业南路,0,normal_info,0,1号线
ZZM_CN_7d2cc887b171,ZZS_87213b5129,会展中心,0.9,exact+line,4号线|会展中心,0,normal_info,0,4号线
ZZM_CN_7eae2e6f6eaf,ZZS_87213b5129,会展中心,0.9,exact+line,1号线|会展中心,1,service_disruption,3,1号线
ZZM_CN_8090692ccad5,ZZS_0ccbb4888d,二七广场,0.9,exact+line,1号线|二七广场,0,normal_info,0,1号线
ZZM_CN_8108a8085db6,ZZS_0ccbb4888d,二七广场,0.9,exact+line,1号线|二七广场,0,normal_info,0,1号线
ZZM_CN_8108a8085db6,ZZS_bb3c17098a,人民路,0.9,exact+line,1号线|人民路,0,normal_info,0,1号线
ZZM_CN_8116848bd5c3,ZZS_9a0290117b,新郑机场,0.9,exact,新郑机场,4,crowd_weather_external,0,
ZZM_CN_8116848bd5c3,ZZS_d0e428cc6b,孟庄,0.9,exact,孟庄,4,crowd_weather_external,0,
ZZM_CN_83fea30b6411,ZZS_388ac52a0a,大学中路,0.9,exact+line,6号线|大学中路,0,normal_info,3,6号线
ZZM_CN_866a6d9df8e0,ZZS_1236ed80e3,中央商务区,0.9,exact+line,5号线|中央商务区,0,normal_info,0,5号线
ZZM_CN_866a6d9df8e0,ZZS_20262a52f0,南五里堡,0.9,exact+line,5号线|南五里堡,0,normal_info,0,5号线
ZZM_CN_866a6d9df8e0,ZZS_20dcf363fc,康宁街,0.9,exact+line,5号线|康宁街,0,normal_info,0,5号线
ZZM_CN_866a6d9df8e0,ZZS_27d32a2e36,五一公园,0.9,exact+line,5号线|五一公园,0,normal_info,0,5号线
ZZM_CN_866a6d9df8e0,ZZS_5babce6145,中原福塔,0.9,exact+line,5号线|中原福塔,0,normal_info,0,5号线
ZZM_CN_866a6d9df8e0,ZZS_7dd13fd23f,黄河路,0.9,exact+line,5号线|黄河路,0,normal_info,0,5号线
ZZM_CN_866a6d9df8e0,ZZS_ff6940526d,郑州东站,0.9,exact+line,5号线|郑州东站,0,normal_info,0,5号线
ZZM_CN_8737de37220c,ZZS_a14df2d44f,紫荆山,0.9,exact+line,1号线|紫荆山,0,normal_info,0,1号线
ZZM_CN_8f042449e8fe,ZZS_c87aa9753c,体育中心,0.9,exact,体育中心,0,normal_info,0,1号线
ZZM_CN_8f042449e8fe,ZZS_cc61daaced,市体育中心,0.9,exact+line,1号线|市体育中心,0,normal_info,0,1号线
ZZM_CN_8f042449e8fe,ZZS_d86c49fbed,农业东路,0.9,exact,农业东路,0,normal_info,0,1号线
ZZM_CN_915ab34ffbcc,ZZS_0ccbb4888d,二七广场,0.9,exact+line,1号线|二七广场,0,normal_info,0,1号线
ZZM_CN_91db0e460c15,ZZS_6b600b7696,刘庄,0.9,exact,刘庄,0,normal_info,0,
ZZM_CN_95dda01126fd,ZZS_45679e4fc0,七里河,0.9,exact,七里河,0,normal_info,0,1号线
ZZM_CN_95dda01126fd,ZZS_d86c49fbed,农业东路,0.9,exact,农业东路,0,normal_info,0,1号线
ZZM_CN_9691f0a9b3b1,ZZS_6c89efbe2c,文苑北路,0.9,exact+line,1号线|文苑北路,0,normal_info,0,1号线
ZZM_CN_96aa7b19260c,ZZS_0ccbb4888d,二七广场,0.9,exact+line,1号线|二七广场,0,normal_info,0,1号线
ZZM_CN_96aa7b19260c,ZZS_38180914a0,燕庄,0.9,exact+line,1号线|燕庄,0,normal_info,0,1号线
ZZM_CN_97637b67fc1f,ZZS_38180914a0,燕庄,0.9,exact+line,1号线|燕庄,0,normal_info,0,1号线
ZZM_CN_9c6f4ccf90ce,ZZS_45679e4fc0,七里河,0.9,exact,七里河,0,normal_info,0,
ZZM_CN_9cc2281f0863,ZZS_3813354d55,绿城广场,0.9,exact,绿城广场,0,normal_info,0,
ZZM_CN_9cc2281f0863,ZZS_c87aa9753c,体育中心,0.9,exact,体育中心,0,normal_info,0,
ZZM_CN_9cc2281f0863,ZZS_cc61daaced,市体育中心,0.9,exact,市体育中心,0,normal_info,0,
ZZM_CN_9dab48cf0182,ZZS_54adf32b6c,南四环,0.9,exact+line,2号线|南四环|城郊线,0,normal_info,0,1号线|2号线|城郊线
ZZM_CN_9dab48cf0182,ZZS_6b600b7696,刘庄,0.9,exact+line,2号线|刘庄,0,normal_info,0,1号线|2号线|城郊线
ZZM_CN_9e7e88412d37,ZZS_45679e4fc0,七里河,0.9,exact+line,5号线|七里河,0,normal_info,0,5号线
ZZM_CN_a0d00417ff68,ZZS_54adf32b6c,南四环,0.9,exact,南四环,0,normal_info,0,1号线
ZZM_CN_a0d00417ff68,ZZS_9a0290117b,新郑机场,0.9,exact,新郑机场,0,normal_info,0,1号线
ZZM_CN_a3fb2ea56608,ZZS_3813354d55,绿城广场,0.9,exact+line,1号线|绿城广场,0,normal_info,0,1号线
ZZM_CN_a6408978b5b6,ZZS_a14df2d44f,紫荆山,0.9,exact+line,1号线|2号线|紫荆山,0,normal_info,0,1号线|2号线
ZZM_CN_a9fcbea4db5a,ZZS_87213b5129,会展中心,0.9,exact,会展中心,0,normal_info,0,
ZZM_CN_aadd93cc9562,ZZS_a14df2d44f,紫荆山,0.9,exact,紫荆山,2,safety_emergency,3,
ZZM_CN_aeb47391b0d1,ZZS_c87aa9753c,体育中心,0.9,exact,体育中心,2,safety_emergency,3,1号线
ZZM_CN_aeb47391b0d1,ZZS_cc61daaced,市体育中心,0.9,exact+line,1号线|市体育中心,2,safety_emergency,3,1号线
ZZM_CN_af2a7f46dd25,ZZS_eef68bcc4f,郑州航空港站,0.9,exact,郑州航空港站,0,normal_info,0,
ZZM_CN_af769af6a70f,ZZS_87213b5129,会展中心,0.9,exact+line,4号线|会展中心,0,normal_info,0,4号线
ZZM_CN_b051516c1997,ZZS_b0ac143899,龙子湖,0.9,exact|mapped_from:龙子湖西,龙子湖西,2,safety_emergency,2,2号线|12号线
ZZM_CN_b051516c1997,ZZS_b0ac143899,龙子湖,0.9,exact+line,12号线|龙子湖,2,safety_emergency,2,2号线|12号线
ZZM_CN_b1a5c2140433,ZZS_0ccbb4888d,二七广场,0.9,exact+line,1号线|二七广场,0,normal_info,0,1号线
ZZM_CN_b1e75441fb4e,ZZS_a14df2d44f,紫荆山,0.9,exact,紫荆山,3,facility_equipment,0,
ZZM_CN_b660580d13af,ZZS_2f6e9b8cad,贾峪,0.9,exact+line,6号线|贾峪,1,service_disruption,0,6号线
ZZM_CN_b6b510eb853d,ZZS_a14df2d44f,紫荆山,0.9,exact,紫荆山,3,facility_equipment,0,
ZZM_CN_b86eaceeb7b5,ZZS_c87aa9753c,体育中心,0.9,exact,体育中心,0,normal_info,0,1号线
ZZM_CN_b9220552b236,ZZS_a14df2d44f,紫荆山,0.9,exact+line,1号线|紫荆山,0,normal_info,0,1号线
ZZM_CN_ba2fb1780f01,ZZS_c87aa9753c,体育中心,0.9,exact,体育中心,1,service_disruption,0,1号线
ZZM_CN_ba2fb1780f01,ZZS_cc61daaced,市体育中心,0.9,exact+line,1号线|市体育中心,1,service_disruption,0,1号线
ZZM_CN_bbaade3948cd,ZZS_a14df2d44f,紫荆山,0.9,exact,紫荆山,0,normal_info,0,
ZZM_CN_bc6730deaae4,ZZS_ff6940526d,郑州东站,0.9,exact,郑州东站,0,normal_info,0,
ZZM_CN_bcf7c2c633d3,ZZS_38180914a0,燕庄,0.9,exact+line,1号线|燕庄,0,normal_info,0,1号线
ZZM_CN_bcf7c2c633d3,ZZS_a14df2d44f,紫荆山,0.9,exact+line,1号线|紫荆山,0,normal_info,0,1号线
ZZM_CN_bcf7c2c633d3,ZZS_e4b35b2f4d,郑州大学,0.9,exact+line,1号线|郑州大学,0,normal_info,0,1号线
ZZM_CN_be57297f6ff3,ZZS_abc078ccd5,黄河迎宾馆,0.9,exact,黄河迎宾馆,0,normal_info,0,
ZZM_CN_c04afdf6887c,ZZS_c9109d3d9f,医学院,0.9,exact+line,1号线|医学院,0,normal_info,0,1号线|2号线
ZZM_CN_c0dc1ade6915,ZZS_87213b5129,会展中心,0.9,exact,会展中心,0,normal_info,0,
ZZM_CN_c0de33b96eca,ZZS_0ccbb4888d,二七广场,0.9,exact,二七广场,0,normal_info,0,
ZZM_CN_c14925204dfd,ZZS_bb3c17098a,人民路,0.9,exact+line,1号线|人民路,0,normal_info,0,1号线
ZZM_CN_c1c0afaefcfe,ZZS_388ac52a0a,大学中路,0.9,exact+line,6号线|大学中路,0,normal_info,3,6号线
ZZM_CN_c27e1fe456a2,ZZS_a14df2d44f,紫荆山,0.9,exact+line,2号线|紫荆山,0,normal_info,1,2号线
ZZM_CN_c39dde5e9a6d,ZZS_0660d199a6,农业南路,0.9,exact+line,1号线|农业南路,0,normal_info,0,1号线
ZZM_CN_c39dde5e9a6d,ZZS_a14df2d44f,紫荆山,0.9,exact+line,1号线|紫荆山,0,normal_info,0,1号线
ZZM_CN_c5f90a8b3502,ZZS_d0e428cc6b,孟庄,0.9,exact,孟庄,0,normal_info,0,5号线
ZZM_CN_c61f4191d717,ZZS_0ccbb4888d,二七广场,0.9,exact+line,1号线|二七广场,0,normal_info,0,1号线
ZZM_CN_c61f4191d717,ZZS_a14df2d44f,紫荆山,0.9,exact+line,1号线|紫荆山,0,normal_info,0,1号线
ZZM_CN_c61f4191d717,ZZS_ff2a277828,民航路,0.9,exact+line,1号线|民航路,0,normal_info,0,1号线
ZZM_CN_c75aea5d0813,ZZS_6605be2a4e,省体育中心,0.9,exact+line,3号线|4号线|省体育中心,0,normal_info,0,3号线|4号线
ZZM_CN_c75aea5d0813,ZZS_c87aa9753c,体育中心,0.9,exact,体育中心,0,normal_info,0,3号线|4号线
ZZM_CN_c8230643b8f5,ZZS_371844c59b,高铁公园,0.9,exact,高铁公园,2,safety_emergency,3,
ZZM_CN_c99ac0fb4c4f,ZZS_54adf32b6c,南四环,0.9,exact,南四环,0,normal_info,0,
ZZM_CN_cb59eb53fee4,ZZS_0ccbb4888d,二七广场,0.9,exact+line,1号线|二七广场,0,normal_info,0,1号线
ZZM_CN_cbdd9649d484,ZZS_38180914a0,燕庄,0.9,exact,燕庄,0,normal_info,0,
ZZM_CN_ce65b9545af1,ZZS_02cf3e4cf5,南三环,0.9,exact+line,2号线|南三环,4,crowd_weather_external,0,2号线
ZZM_CN_ce65b9545af1,ZZS_20262a52f0,南五里堡,0.9,exact+line,2号线|南五里堡,4,crowd_weather_external,0,2号线
ZZM_CN_ce65b9545af1,ZZS_93b9249040,二里岗,0.9,exact+line,2号线|二里岗,4,crowd_weather_external,0,2号线
ZZM_CN_ce65b9545af1,ZZS_9660c27c11,站马屯,0.9,exact+line,2号线|站马屯,4,crowd_weather_external,0,2号线
ZZM_CN_ce65b9545af1,ZZS_9f383e1427,花寨,0.9,exact+line,2号线|花寨,4,crowd_weather_external,0,2号线
ZZM_CN_ce65b9545af1,ZZS_a14df2d44f,紫荆山,0.9,exact+line,2号线|紫荆山,4,crowd_weather_external,0,2号线
ZZM_CN_ce65b9545af1,ZZS_a7b91da4c7,陇海东路,0.9,exact+line,2号线|陇海东路,4,crowd_weather_external,0,2号线
ZZM_CN_cf2482cc8e6b,ZZS_87213b5129,会展中心,0.9,exact+line,1号线|会展中心,0,normal_info,0,1号线
ZZM_CN_cfde300f9b6d,ZZS_ff6940526d,郑州东站,0.9,exact+line,5号线|郑州东站,0,normal_info,0,5号线
ZZM_CN_d00445c6496e,ZZS_45679e4fc0,七里河,0.9,exact+line,5号线|七里河,0,normal_info,0,5号线
ZZM_CN_d0c0850e023f,ZZS_87213b5129,会展中心,0.9,exact,会展中心,0,normal_info,0,
ZZM_CN_d20a8c25fe0f,ZZS_a14df2d44f,紫荆山,0.9,exact+line,1号线|紫荆山,0,normal_info,0,1号线
ZZM_CN_d50c32fda630,ZZS_54adf32b6c,南四环,0.9,exact,南四环,0,normal_info,0,
ZZM_CN_d5802999245d,ZZS_5d10963dfa,冯湾,0.9,exact+line,6号线|冯湾,0,normal_info,3,6号线
ZZM_CN_d665965840e3,ZZS_54adf32b6c,南四环,0.9,exact,南四环,0,normal_info,0,
ZZM_CN_da2bde5922fd,ZZS_00f55fa149,碧沙岗,0.9,exact+line,1号线|碧沙岗,0,normal_info,0,1号线
ZZM_CN_da2bde5922fd,ZZS_3813354d55,绿城广场,0.9,exact+line,1号线|绿城广场,0,normal_info,0,1号线
ZZM_CN_da2bde5922fd,ZZS_c9109d3d9f,医学院,0.9,exact+line,1号线|医学院,0,normal_info,0,1号线
ZZM_CN_dbba27010fe7,ZZS_02cf3e4cf5,南三环,0.9,exact+line,2号线|南三环,0,normal_info,0,2号线
ZZM_CN_dbba27010fe7,ZZS_a14df2d44f,紫荆山,0.9,exact+line,2号线|紫荆山,0,normal_info,0,2号线
ZZM_CN_de7f79193489,ZZS_87213b5129,会展中心,0.9,exact+line,1号线|会展中心,0,normal_info,0,1号线
ZZM_CN_dff807eeb55e,ZZS_6b600b7696,刘庄,0.9,exact+line,2号线|刘庄,0,normal_info,0,2号线|3号线|4号线|5号线
ZZM_CN_dff807eeb55e,ZZS_c180efc575,贾河,0.9,exact+line,2号线|贾河,0,normal_info,0,2号线|3号线|4号线|5号线
ZZM_CN_e081df22dd92,ZZS_b2a66125f0,鲁庙,0.9,exact+line,8号线|鲁庙,0,normal_info,3,8号线
ZZM_CN_e0fbaa87d4a5,ZZS_87213b5129,会展中心,0.9,exact+line,1号线|会展中心,0,normal_info,0,1号线
ZZM_CN_e1e8d60d73e1,ZZS_0660d199a6,农业南路,0.9,exact+line,1号线|农业南路,0,normal_info,0,1号线
ZZM_CN_e89241a55bf2,ZZS_89f2ce9b1d,秦岭路,0.9,exact+line,1号线|秦岭路,0,normal_info,0,1号线
ZZM_CN_e89241a55bf2,ZZS_d86c49fbed,农业东路,0.9,exact,农业东路,0,normal_info,0,1号线
ZZM_CN_e9b84f0b71ed,ZZS_05d97db6f2,司赵,0.9,exact+line,3号线|司赵,0,normal_info,0,3号线
ZZM_CN_e9b84f0b71ed,ZZS_5563728074,营岗,0.9,exact+line,3号线|营岗,0,normal_info,0,3号线
ZZM_CN_e9b84f0b71ed,ZZS_c5943bbf34,滨河新城,0.9,exact+line,3号线|滨河新城,0,normal_info,0,3号线
ZZM_CN_e9b84f0b71ed,ZZS_e9c14949ec,滨河新城南,0.9,exact+line,3号线|滨河新城南,0,normal_info,0,3号线
ZZM_CN_e9b84f0b71ed,ZZS_ef6263ba13,潮河,0.9,exact+line,3号线|潮河,0,normal_info,0,3号线
ZZM_CN_e9e9a154622f,ZZS_1da410d5c4,五龙口,0.9,exact,五龙口,2,safety_emergency,3,5号线
ZZM_CN_e9e9a154622f,ZZS_31a002aa03,海滩寺,0.9,exact+line,5号线|海滩寺,2,safety_emergency,3,5号线
ZZM_CN_e9e9a154622f,ZZS_deb2edc4a2,沙口路,0.9,exact+line,5号线|沙口路,2,safety_emergency,3,5号线
ZZM_CN_eaf70b8f1298,ZZS_183636a902,圃田,0.9,exact+line,8号线|圃田,1,service_disruption,3,8号线
ZZM_CN_eaf70b8f1298,ZZS_b5c4192440,圃田西,0.9,exact+line,8号线|圃田西,1,service_disruption,3,8号线
ZZM_CN_eaf70b8f1298,ZZS_ff6940526d,郑州东站,0.9,exact+line,8号线|郑州东站,1,service_disruption,3,8号线
ZZM_CN_edf7408fd3b0,ZZS_ae1b2afcad,梧桐街,0.9,exact,梧桐街,1,service_disruption,0,8号线
ZZM_CN_edf7408fd3b0,ZZS_b2a66125f0,鲁庙,0.9,exact+line,8号线|鲁庙,1,service_disruption,0,8号线
ZZM_CN_f00f6ca079ed,ZZS_e4b35b2f4d,郑州大学,0.9,exact+line,1号线|郑州大学,0,normal_info,0,1号线
ZZM_CN_f08d9f28e57a,ZZS_c87aa9753c,体育中心,0.9,exact,体育中心,0,normal_info,0,1号线
ZZM_CN_f106b839172b,ZZS_3813354d55,绿城广场,0.9,exact,绿城广场,0,normal_info,0,
ZZM_CN_f2102c21deff,ZZS_deb2edc4a2,沙口路,0.9,exact,沙口路,4,crowd_weather_external,0,
ZZM_CN_f31c2a91671d,ZZS_5dc87121c2,市第二人民医院,0.9,exact+line,5号线|市第二人民医院,0,normal_info,0,5号线
ZZM_CN_f627bb0237e2,ZZS_51e572c7c3,东大街,0.9,exact+line,2号线|东大街,0,normal_info,0,1号线|2号线
ZZM_CN_f627bb0237e2,ZZS_ff2a277828,民航路,0.9,exact+line,1号线|民航路,0,normal_info,0,1号线|2号线
ZZM_CN_f862cf4bd671,ZZS_90196f31d6,郑州火车站,0.9,exact,郑州火车站,0,normal_info,0,
ZZM_CN_faadb37e8208,ZZS_1f9e3949c9,小营,0.9,exact+line,6号线|小营,0,normal_info,0,6号线
ZZM_CN_fcf13ca392c2,ZZS_0ccbb4888d,二七广场,0.9,exact+line,1号线|二七广场,0,normal_info,0,1号线
ZZM_CN_fcf13ca392c2,ZZS_a14df2d44f,紫荆山,0.9,exact+line,1号线|紫荆山,0,normal_info,0,1号线
ZZM_CN_fcffa0bda05c,ZZS_881a48e5bb,西三环,0.9,exact+line,1号线|西三环,0,normal_info,0,1号线
ZZM_CN_fe210f193d0d,ZZS_a14df2d44f,紫荆山,0.9,exact+line,2号线|紫荆山,0,normal_info,0,2号线
ZZM_COM_024605bb8d59,ZZS_a14df2d44f,紫荆山,0.9,exact,紫荆山,4,crowd_weather_external,0,
ZZM_COM_259edb8efe52,ZZS_54adf32b6c,南四环,0.9,exact,南四环,0,normal_info,0,1号线
ZZM_COM_346ee1c06444,ZZS_87213b5129,会展中心,0.9,exact+line,1号线|会展中心,0,normal_info,3,1号线
ZZM_COM_5926df255722,ZZS_0ccbb4888d,二七广场,0.9,exact+line,1号线|二七广场,0,normal_info,0,1号线
ZZM_COM_719fd782bed1,ZZS_a14df2d44f,紫荆山,0.9,exact,紫荆山,4,crowd_weather_external,0,
ZZM_COM_7c913fbf266d,ZZS_0ccbb4888d,二七广场,0.9,exact+line,1号线|二七广场,0,normal_info,0,1号线
ZZM_COM_aadae54a9dae,ZZS_38180914a0,燕庄,0.9,exact+line,1号线|燕庄,0,normal_info,0,1号线
