doc_id,spatial_scope,line_mentions,label_name,severity,n_explicit_station_links,n_propagated_station_links
ZZM_CN_56b4b7147b01,network_or_unknown,,normal_info,0,0,0
ZZM_CN_500813d551fd,line,2号线,normal_info,0,0,22
ZZM_CN_f9e7ff7e55a8,network_or_unknown,,facility_equipment,0,0,0
ZZM_CN_c0dc1ade6915,station,,normal_info,0,1,0
ZZM_CN_0143de7bfa88,network_or_unknown,,normal_info,0,0,0
ZZM_CN_4ab3aa8cdeb9,network_or_unknown,,normal_info,0,0,0
ZZM_CN_f07d895515e4,network_or_unknown,,normal_info,0,0,0
ZZM_CN_5c820bb30a19,network_or_unknown,,normal_info,0,0,0
ZZM_CN_f5d3b55fbca5,network_or_unknown,,normal_info,0,0,0
ZZM_CN_c8230643b8f5,station,,safety_emergency,3,1,0
ZZM_CN_515a842b946f,station,2号线,normal_info,0,2,20
ZZM_CN_4a097e5b8987,station,,normal_info,0,1,0
ZZM_CN_6bb9b0ea70e4,network_or_unknown,,normal_info,0,0,0
ZZM_CN_ebe49d9686f7,network_or_unknown,,normal_info,0,0,0
ZZM_CN_cf9bee9ac7a7,network_or_unknown,,normal_info,0,0,0
ZZM_CN_24b6f9328e07,line,6号线|7号线|8号线,normal_info,0,0,73
ZZM_CN_243836a79357,network_or_unknown,,normal_info,0,0,0
ZZM_CN_9bc6427bda69,line,7号线|8号线,normal_info,0,0,47
ZZM_CN_281c692893b5,network_or_unknown,,crowd_weather_external,0,0,0
ZZM_CN_0af7c48fb6eb,line,6号线,normal_info,3,0,28
ZZM_CN_574ae8114586,network_or_unknown,,normal_info,0,0,0
ZZM_CN_c7d6f08ab9db,network_or_unknown,,normal_info,0,0,0
ZZM_CN_9f81ba50bf44,line,7号线,normal_info,3,0,20
ZZM_CN_c3475c753d0a,line,7号线,normal_info,3,0,20
ZZM_CN_975dfb297227,network_or_unknown,,normal_info,0,0,0
ZZM_CN_edf7408fd3b0,station,8号线,service_disruption,0,2,27
ZZM_CN_bcb611a9d05f,line,6号线|7号线,normal_info,0,0,47
ZZM_CN_1c67e004d972,line,3号线|郑许线,normal_info,3,0,52
ZZM_CN_8ca963884b20,network_or_unknown,,normal_info,0,0,0
ZZM_CN_7d54520be688,network_or_unknown,,normal_info,0,0,0
ZZM_CN_1486e0cbde14,network_or_unknown,,normal_info,0,0,0
ZZM_CN_e081df22dd92,station,8号线,normal_info,3,1,27
ZZM_CN_d5802999245d,station,6号线,normal_info,3,1,27
ZZM_CN_0c0b023c9346,station,6号线,facility_equipment,3,1,27
ZZM_CN_83fea30b6411,station,6号线,normal_info,3,1,27
ZZM_CN_14fa267b909b,line,6号线,normal_info,0,0,28
ZZM_CN_c1c0afaefcfe,station,6号线,normal_info,3,1,27
ZZM_CN_eaf70b8f1298,station,8号线,service_disruption,3,3,25
ZZM_CN_79832cbea201,network_or_unknown,,crowd_weather_external,1,0,0
ZZM_CN_e1e8d60d73e1,station,1号线,normal_info,0,1,29
ZZM_CN_f099ffdf44c2,network_or_unknown,,normal_info,0,0,0
ZZM_CN_8097da784398,network_or_unknown,,facility_equipment,1,0,0
ZZM_CN_a19c299bb2e9,network_or_unknown,,normal_info,0,0,0
ZZM_CN_27eea154edce,network_or_unknown,,normal_info,0,0,0
ZZM_CN_8dd07ca4307b,line,4号线,normal_info,0,0,27
ZZM_CN_f3074d2f23ac,line,郑许线,normal_info,0,0,27
ZZM_CN_629c0a305a59,network_or_unknown,,normal_info,0,0,0
ZZM_CN_630868bffd90,line,2号线|12号线,normal_info,0,0,33
ZZM_CN_8737de37220c,station,1号线,normal_info,0,1,29
ZZM_CN_c5e35784163b,network_or_unknown,,normal_info,0,0,0
ZZM_CN_d0c0850e023f,station,,normal_info,0,1,0
ZZM_CN_effddb23464a,line,1号线|2号线|3号线|4号线|5号线|6号线|10号线|14号线|城郊线,normal_info,0,0,170
ZZM_CN_1fd98913fc85,network_or_unknown,,normal_info,0,0,0
ZZM_CN_395cfbc9a046,line,10号线,normal_info,0,0,12
ZZM_CN_03beed17e6b5,line,10号线,normal_info,0,0,12
ZZM_CN_733dc7747865,station,,normal_info,0,3,0
ZZM_CN_bbaade3948cd,station,,normal_info,0,1,0
ZZM_CN_8b0857ab4df7,network_or_unknown,,normal_info,0,0,0
ZZM_CN_490a25d55ec0,station,1号线,safety_emergency,2,1,29
ZZM_CN_e9b84f0b71ed,station,3号线,normal_info,0,5,20
ZZM_CN_2ed60ccdcd09,line,3号线,normal_info,0,0,25
ZZM_CN_7d0e1ff7edb9,network_or_unknown,,normal_info,0,0,0
ZZM_CN_2af3443a187a,line,3号线,normal_info,0,0,25
ZZM_CN_304e546d1278,network_or_unknown,,normal_info,0,0,0
ZZM_CN_4d1adfa2d6f1,network_or_unknown,,normal_info,0,0,0
ZZM_CN_175d7713fee0,network_or_unknown,,safety_emergency,2,0,0
ZZM_CN_2eab25dac155,station,5号线,normal_info,0,1,31
ZZM_CN_5b7961782900,line,1号线|2号线|5号线,normal_info,3,0,79
ZZM_CN_b86c8e7d2b21,network_or_unknown,,normal_info,0,0,0
ZZM_CN_f2db22297c31,network_or_unknown,,normal_info,0,0,0
ZZM_CN_f234b998fe41,network_or_unknown,,normal_info,0,0,0
ZZM_CN_39ef36fed15d,station,,normal_info,0,1,0
ZZM_CN_a35bf90d09f2,line,1号线,normal_info,0,0,30
ZZM_CN_77046380a452,line,8号线,safety_emergency,2,0,28
ZZM_CN_7d2cc887b171,station,4号线,normal_info,0,1,26
ZZM_CN_af769af6a70f,station,4号线,normal_info,0,1,26
ZZM_CN_d91842658285,network_or_unknown,,normal_info,0,0,0
ZZM_CN_564809feeba5,network_or_unknown,,crowd_weather_external,0,0,0
ZZM_CN_f06825727e42,network_or_unknown,,normal_info,0,0,0
ZZM_CN_657560c620d2,network_or_unknown,,normal_info,0,0,0
ZZM_CN_e2dfb3b11e3e,network_or_unknown,,normal_info,0,0,0
ZZM_CN_9f7355361c4c,network_or_unknown,,normal_info,1,0,0
ZZM_CN_b12c02d5430d,network_or_unknown,,crowd_weather_external,0,0,0
ZZM_CN_ea380f98f1ce,network_or_unknown,,service_disruption,0,0,0
ZZM_CN_b9220552b236,station,1号线,normal_info,0,1,29
ZZM_CN_5def4e34eaca,network_or_unknown,,crowd_weather_external,1,0,0
ZZM_CN_beaf029fec31,network_or_unknown,,crowd_weather_external,0,0,0
ZZM_CN_b67815e4f2cb,network_or_unknown,,normal_info,0,0,0
ZZM_CN_1b4961351d40,network_or_unknown,,normal_info,0,0,0
ZZM_CN_acde08fa2e7d,network_or_unknown,,normal_info,0,0,0
ZZM_CN_bbd33ea3d80b,network_or_unknown,,facility_equipment,0,0,0
ZZM_CN_8a11b7329e0a,network_or_unknown,,normal_info,0,0,0
ZZM_CN_721b60deff3e,network_or_unknown,,crowd_weather_external,0,0,0
ZZM_CN_b55589a6e21f,network_or_unknown,,normal_info,0,0,0
ZZM_CN_4acfc3c1623f,network_or_unknown,,normal_info,0,0,0
ZZM_CN_4a0d1b96dd37,network_or_unknown,,normal_info,0,0,0
ZZM_CN_e1de8e214b80,network_or_unknown,,normal_info,0,0,0
ZZM_CN_8b3e5da1db92,network_or_unknown,,facility_equipment,0,0,0
ZZM_CN_8330a89c6bc0,network_or_unknown,,normal_info,0,0,0
ZZM_CN_0a548b6c79f1,line,6号线,normal_info,0,0,28
ZZM_CN_ae903fdc42f4,network_or_unknown,,normal_info,0,0,0
ZZM_CN_8af169a4b037,network_or_unknown,,normal_info,0,0,0
ZZM_CN_4b011a28ba2d,station,郑许线,normal_info,0,2,25
ZZM_CN_d16ba3084968,network_or_unknown,,normal_info,0,0,0
ZZM_CN_46dd222b00cb,network_or_unknown,,facility_equipment,0,0,0
ZZM_CN_fef148e32738,network_or_unknown,,crowd_weather_external,0,0,0
ZZM_CN_a3fb2ea56608,station,1号线,normal_info,0,1,29
ZZM_CN_bace27c9df77,network_or_unknown,,normal_info,0,0,0
ZZM_CN_2fa46f545aad,network_or_unknown,,normal_info,0,0,0
ZZM_CN_6c627cf4a6c9,line,5号线,service_disruption,3,0,32
ZZM_CN_af2a7f46dd25,station,,normal_info,0,1,0
ZZM_CN_776883150c90,network_or_unknown,,crowd_weather_external,0,0,0
ZZM_CN_445cef09a996,station,1号线,safety_emergency,3,1,29
ZZM_CN_ac63d74284b5,network_or_unknown,,normal_info,0,0,0
ZZM_CN_b660580d13af,station,6号线,service_disruption,0,1,27
ZZM_CN_c0d3a93e5cd2,network_or_unknown,,normal_info,0,0,0
ZZM_CN_d665965840e3,station,,normal_info,0,1,0
ZZM_CN_9f00be159687,network_or_unknown,,crowd_weather_external,1,0,0
ZZM_CN_609552efac4f,station,2号线|3号线|4号线|5号线,normal_info,0,2,94
ZZM_CN_dff807eeb55e,station,2号线|3号线|4号线|5号线,normal_info,0,2,94
ZZM_CN_9dab48cf0182,station,1号线|2号线|城郊线,normal_info,0,2,66
ZZM_CN_3b85db1aba0b,station,1号线|2号线|城郊线,normal_info,0,2,66
ZZM_CN_2c84c12b91b1,network_or_unknown,,service_disruption,3,0,0
ZZM_CN_a3dcee745f2b,line,1号线|2号线,normal_info,0,0,51
ZZM_CN_33c556cccca0,line,1号线|2号线|4号线|5号线,normal_info,0,0,102
ZZM_CN_ee100f820f13,line,1号线,crowd_weather_external,0,0,30
ZZM_CN_ce65b9545af1,station,2号线,crowd_weather_external,0,7,15
ZZM_CN_4776b7ae33af,line,2号线|城郊线,normal_info,0,0,39
ZZM_CN_3d4745a0861f,line,1号线,service_disruption,2,0,30
ZZM_CN_d45c6d92c060,line,1号线,service_disruption,3,0,30
ZZM_CN_f2102c21deff,station,,crowd_weather_external,0,1,0
ZZM_CN_e11296e7f71c,network_or_unknown,,service_disruption,3,0,0
ZZM_CN_ce88ed60d7a7,line,5号线,crowd_weather_external,0,0,32
ZZM_CN_e9e9a154622f,station,5号线,safety_emergency,3,3,30
ZZM_CN_b051516c1997,station,2号线|12号线,safety_emergency,2,2,32
ZZM_CN_6c234f58b687,network_or_unknown,,normal_info,0,0,0
ZZM_CN_6fbfe67c39dc,network_or_unknown,,normal_info,0,0,0
ZZM_CN_0c386d44106f,network_or_unknown,,normal_info,0,0,0
ZZM_CN_f7dc12ed5539,network_or_unknown,,normal_info,0,0,0
ZZM_CN_ebfd5712e8ef,network_or_unknown,,normal_info,0,0,0
ZZM_CN_bba1b946124a,network_or_unknown,,normal_info,0,0,0
ZZM_CN_dcce0c285fd0,network_or_unknown,,normal_info,0,0,0
ZZM_CN_b1e75441fb4e,station,,facility_equipment,0,1,0
ZZM_CN_9f62368bf1c8,network_or_unknown,,normal_info,0,0,0
ZZM_CN_5c51dd75edd3,network_or_unknown,,normal_info,3,0,0
ZZM_CN_5cc52371cfbd,station,3号线,normal_info,0,4,21
ZZM_CN_af648fa3403c,network_or_unknown,,normal_info,0,0,0
ZZM_CN_a491cde6be3e,network_or_unknown,,normal_info,0,0,0
ZZM_CN_0953d1fa6b10,station,,normal_info,0,1,0
ZZM_CN_15fa2ea09641,network_or_unknown,,normal_info,0,0,0
ZZM_CN_1bcb6ef33930,line,4号线,normal_info,0,0,27
ZZM_CN_c75aea5d0813,station,3号线|4号线,normal_info,0,2,49
ZZM_CN_076655d5e202,line,1号线,normal_info,0,0,30
ZZM_CN_6da6451acfdc,station,4号线,normal_info,0,1,26
ZZM_CN_71bfba29eb4e,network_or_unknown,,normal_info,0,0,0
ZZM_CN_662a5a361bc3,line,4号线,normal_info,0,0,27
ZZM_CN_2a92d44dc4de,network_or_unknown,,normal_info,0,0,0
ZZM_CN_bc0b0b87d12b,line,4号线,normal_info,0,0,27
ZZM_CN_8a913141949e,network_or_unknown,,normal_info,0,0,0
ZZM_CN_36e61f45c1a3,station,3号线,normal_info,0,4,21
ZZM_CN_d8f3bdf029af,network_or_unknown,,normal_info,0,0,0
ZZM_CN_44e8ce6d21dd,network_or_unknown,,normal_info,0,0,0
ZZM_CN_0ea730786f9d,network_or_unknown,,normal_info,0,0,0
ZZM_CN_88c25e5c1d1a,network_or_unknown,,normal_info,0,0,0
ZZM_CN_c0073a331a1d,network_or_unknown,,normal_info,0,0,0
ZZM_CN_8468a7e52176,network_or_unknown,,normal_info,0,0,0
ZZM_CN_4f2512ab2f58,line,4号线,normal_info,0,0,27
ZZM_CN_65f38c453e50,network_or_unknown,,normal_info,0,0,0
ZZM_CN_222789e4170d,network_or_unknown,,facility_equipment,0,0,0
ZZM_CN_a8aaffad845c,network_or_unknown,,normal_info,0,0,0
ZZM_CN_eb75605be7a5,line,3号线,normal_info,0,0,25
ZZM_CN_26eac1f7adec,network_or_unknown,,normal_info,0,0,0
ZZM_CN_a4798fa54b5e,line,1号线,normal_info,0,0,30
ZZM_CN_3d37c0a647f4,network_or_unknown,,normal_info,0,0,0
ZZM_CN_4b22f0a3afa1,station,5号线,facility_equipment,0,1,31
ZZM_CN_bc6730deaae4,station,,normal_info,0,1,0
ZZM_CN_faadb37e8208,station,6号线,normal_info,0,1,27
ZZM_CN_f31c2a91671d,station,5号线,normal_info,0,1,31
ZZM_CN_2f388366e95b,network_or_unknown,,normal_info,0,0,0
ZZM_CN_b195bfca73a5,network_or_unknown,,normal_info,0,0,0
ZZM_CN_a941a5998e9d,network_or_unknown,,normal_info,0,0,0
ZZM_CN_0a7fdc06a68a,network_or_unknown,,normal_info,0,0,0
ZZM_CN_563e6dc17fbe,network_or_unknown,,normal_info,0,0,0
ZZM_CN_af75d5a7e3fe,network_or_unknown,,normal_info,0,0,0
ZZM_CN_f19901c50fdc,network_or_unknown,,crowd_weather_external,0,0,0
ZZM_CN_1d9345528065,network_or_unknown,,normal_info,0,0,0
ZZM_CN_9008667fc6d4,network_or_unknown,,normal_info,0,0,0
ZZM_CN_9b0309bd8c69,network_or_unknown,,normal_info,0,0,0
ZZM_CN_bd9e3dab3de7,network_or_unknown,,normal_info,0,0,0
ZZM_CN_cee011d16c25,network_or_unknown,,crowd_weather_external,0,0,0
ZZM_CN_ae1cfc48eea7,network_or_unknown,,crowd_weather_external,1,0,0
ZZM_CN_5c1eb182cb8f,network_or_unknown,,service_disruption,0,0,0
ZZM_CN_22400b45f560,network_or_unknown,,crowd_weather_external,3,0,0
ZZM_CN_b00240119a4b,network_or_unknown,,crowd_weather_external,0,0,0
ZZM_CN_e46b873acf3e,network_or_unknown,,crowd_weather_external,1,0,0
ZZM_CN_0088fda60f46,network_or_unknown,,crowd_weather_external,0,0,0
ZZM_CN_8116848bd5c3,station,,crowd_weather_external,0,2,0
ZZM_CN_f0f19d3cb501,network_or_unknown,,crowd_weather_external,1,0,0
ZZM_CN_945edee766a6,network_or_unknown,,crowd_weather_external,0,0,0
ZZM_CN_edd4fd480b0f,network_or_unknown,,crowd_weather_external,0,0,0
ZZM_CN_2d33a6d1fa3a,network_or_unknown,,crowd_weather_external,0,0,0
ZZM_CN_2930b1978683,network_or_unknown,,safety_emergency,2,0,0
ZZM_CN_1cdb54114087,network_or_unknown,,normal_info,0,0,0
ZZM_CN_bd9cfb6ffb0f,network_or_unknown,,safety_emergency,2,0,0
ZZM_CN_d623c160dfd3,network_or_unknown,,crowd_weather_external,0,0,0
ZZM_CN_ff617ff2fb4d,network_or_unknown,,normal_info,0,0,0
ZZM_CN_9c141dab644f,network_or_unknown,,normal_info,0,0,0
ZZM_CN_67aad10f0af4,line,2号线,normal_info,0,0,22
ZZM_CN_917044fcdb77,line,1号线|2号线|4号线|5号线|14号线,normal_info,3,0,106
ZZM_CN_14c4f2feb95d,network_or_unknown,,normal_info,0,0,0
ZZM_CN_b5952a62ec38,network_or_unknown,,normal_info,0,0,0
ZZM_CN_2c2e8cdd0557,network_or_unknown,,facility_equipment,0,0,0
ZZM_CN_e8a8ca2548a3,network_or_unknown,,normal_info,0,0,0
ZZM_CN_3dfe9b97bd2c,network_or_unknown,,normal_info,0,0,0
ZZM_CN_98a2dd8022d8,network_or_unknown,,normal_info,0,0,0
ZZM_CN_c475e08d6544,network_or_unknown,,normal_info,0,0,0
ZZM_CN_b59ca8803059,network_or_unknown,,normal_info,0,0,0
ZZM_CN_210e464e425d,station,1号线,normal_info,0,1,29
ZZM_CN_c5f90a8b3502,station,5号线,normal_info,0,1,32
ZZM_CN_31b42723ec71,network_or_unknown,,normal_info,0,0,0
ZZM_CN_a7ca2fa50671,network_or_unknown,,normal_info,0,0,0
ZZM_CN_0905cc8c03e7,network_or_unknown,,normal_info,0,0,0
ZZM_CN_0175c6a6954b,network_or_unknown,,normal_info,0,0,0
ZZM_CN_46e62b7430e7,network_or_unknown,,normal_info,0,0,0
ZZM_CN_cef069acd73f,network_or_unknown,,normal_info,0,0,0
ZZM_CN_418beb344e7b,network_or_unknown,,normal_info,0,0,0
ZZM_CN_b64e71647100,network_or_unknown,,normal_info,0,0,0
ZZM_CN_1935fc2f6d51,network_or_unknown,,normal_info,0,0,0
ZZM_CN_268cadf7806c,network_or_unknown,,normal_info,0,0,0
ZZM_CN_3ec71b204f46,network_or_unknown,,normal_info,0,0,0
ZZM_CN_6d7e20633a2d,line,1号线,normal_info,0,0,30
ZZM_CN_b7d905c9bada,line,1号线|2号线|4号线|5号线|14号线|城郊线,normal_info,0,0,123
ZZM_CN_9c3eb62b7598,network_or_unknown,,normal_info,0,0,0
ZZM_CN_d17c9f4f39c5,network_or_unknown,,facility_equipment,0,0,0
ZZM_CN_a9fcbea4db5a,station,,normal_info,0,1,0
ZZM_CN_5bb5a5996f09,network_or_unknown,,normal_info,0,0,0
ZZM_CN_04242fa7b616,network_or_unknown,,normal_info,0,0,0
ZZM_CN_a6d9e402d847,network_or_unknown,,normal_info,0,0,0
ZZM_CN_0ec751c70f57,station,2号线,normal_info,3,1,22
ZZM_CN_49c01edff005,station,1号线|4号线|14号线,normal_info,0,1,59
ZZM_CN_79debf759787,station,,normal_info,3,1,0
ZZM_CN_0d0e73126912,station,,normal_info,0,1,0
ZZM_CN_3a74826b1612,network_or_unknown,,normal_info,0,0,0
ZZM_CN_a960a1b3b0ca,line,4号线|14号线,normal_info,0,0,32
ZZM_CN_dc24f863af9f,network_or_unknown,,normal_info,0,0,0
ZZM_CN_98534757b4a4,network_or_unknown,,normal_info,0,0,0
ZZM_CN_bd3cb87cf4dd,network_or_unknown,,normal_info,0,0,0
ZZM_CN_24bb206eacfa,network_or_unknown,,crowd_weather_external,1,0,0
ZZM_CN_dfac5263b19a,line,1号线,normal_info,0,0,30
ZZM_CN_ff728f4b7af5,network_or_unknown,,normal_info,0,0,0
ZZM_CN_bdb256731aa3,network_or_unknown,,normal_info,0,0,0
ZZM_CN_e3156623da03,network_or_unknown,,normal_info,1,0,0
ZZM_CN_c7b33e2f561c,network_or_unknown,,normal_info,0,0,0
ZZM_CN_a2841ee398d9,network_or_unknown,,crowd_weather_external,0,0,0
ZZM_CN_98a1d196f80c,network_or_unknown,,normal_info,0,0,0
ZZM_CN_1f15b102a8f3,station,,normal_info,0,1,0
ZZM_CN_a39565d898eb,network_or_unknown,,normal_info,0,0,0
ZZM_CN_e04630be5fb9,network_or_unknown,,normal_info,0,0,0
ZZM_CN_e98d37484967,line,1号线,normal_info,0,0,30
ZZM_CN_c97f3841206a,network_or_unknown,,normal_info,0,0,0
ZZM_CN_1ebe8fdc3399,station,,normal_info,0,1,0
ZZM_CN_8bf9df5700b0,network_or_unknown,,normal_info,0,0,0
ZZM_CN_db97f5404f3a,network_or_unknown,,normal_info,0,0,0
ZZM_CN_03760cac1ecb,network_or_unknown,,normal_info,0,0,0
ZZM_CN_23b09d1b11fb,network_or_unknown,,normal_info,0,0,0
ZZM_CN_91db0e460c15,station,,normal_info,0,1,0
ZZM_CN_6c67df5df95b,network_or_unknown,,normal_info,0,0,0
ZZM_CN_2adec2397133,network_or_unknown,,safety_emergency,3,0,0
ZZM_CN_5506de6d3030,station,5号线,normal_info,0,1,31
ZZM_CN_a8051beaffc4,network_or_unknown,,normal_info,0,0,0
ZZM_CN_e0498ec422a4,line,1号线,normal_info,0,0,30
ZZM_CN_cfde300f9b6d,station,5号线,normal_info,0,1,31
ZZM_CN_866a6d9df8e0,station,5号线,normal_info,0,7,25
ZZM_CN_50d072a91bc2,network_or_unknown,,normal_info,0,0,0
ZZM_CN_fcf13ca392c2,station,1号线,normal_info,0,2,28
ZZM_CN_928462ff6fb9,network_or_unknown,,normal_info,0,0,0
ZZM_CN_14715bd19a41,line,6号线,normal_info,0,0,28
ZZM_CN_ab3928ed67b0,network_or_unknown,,normal_info,0,0,0
ZZM_CN_d42ac53e438f,line,1号线|2号线|城郊线,normal_info,0,0,68
ZZM_CN_dcffdbc04060,line,4号线,safety_emergency,2,0,27
ZZM_CN_848647847dd9,line,4号线,service_disruption,2,0,27
ZZM_CN_2f093d09f236,line,4号线,safety_emergency,2,0,27
ZZM_CN_5fb24850f3cc,network_or_unknown,,normal_info,0,0,0
ZZM_CN_d3dd4bb398fc,network_or_unknown,,normal_info,0,0,0
ZZM_CN_687e78f46be0,network_or_unknown,,normal_info,0,0,0
ZZM_CN_91c31a244c37,network_or_unknown,,normal_info,0,0,0
ZZM_CN_1b9cb603858e,network_or_unknown,,normal_info,0,0,0
ZZM_CN_ac09056814c0,network_or_unknown,,normal_info,0,0,0
ZZM_CN_499a5a3efb7d,station,5号线,normal_info,0,1,31
ZZM_CN_e7a2c6679b75,network_or_unknown,,normal_info,0,0,0
ZZM_CN_d2dcfc35406b,network_or_unknown,,normal_info,0,0,0
ZZM_CN_74fc7a84a31b,station,,normal_info,0,1,0
ZZM_CN_288a80a634aa,network_or_unknown,,normal_info,0,0,0
ZZM_CN_0daf3cf387ca,network_or_unknown,,normal_info,3,0,0
ZZM_CN_48ec70daff13,network_or_unknown,,normal_info,0,0,0
ZZM_CN_b6b510eb853d,station,,facility_equipment,0,1,0
ZZM_CN_f96da1a3e4f8,network_or_unknown,,normal_info,0,0,0
ZZM_CN_22a15e4c38b5,network_or_unknown,,normal_info,0,0,0
ZZM_CN_6c8eba0aa2fa,network_or_unknown,,normal_info,0,0,0
ZZM_CN_19019b35efb3,network_or_unknown,,normal_info,0,0,0
ZZM_CN_30c78138cc35,station,1号线,normal_info,0,2,28
ZZM_CN_e6ec7e52d8c0,network_or_unknown,,normal_info,0,0,0
ZZM_CN_fbb5a1454352,network_or_unknown,,safety_emergency,2,0,0
ZZM_CN_3e3f1830a219,network_or_unknown,,normal_info,0,0,0
ZZM_CN_b4db137cf98b,network_or_unknown,,normal_info,0,0,0
ZZM_CN_411b07097c7b,network_or_unknown,,normal_info,0,0,0
ZZM_CN_eb06677e8fbf,network_or_unknown,,normal_info,0,0,0
ZZM_CN_d74a18aced24,network_or_unknown,,normal_info,0,0,0
ZZM_CN_a22421bb7137,network_or_unknown,,normal_info,0,0,0
ZZM_CN_16599056ad5d,station,,normal_info,0,1,0
ZZM_CN_f94cee5028c4,network_or_unknown,,normal_info,0,0,0
ZZM_CN_c514a5f68a55,network_or_unknown,,normal_info,0,0,0
ZZM_CN_839c0e7ba576,network_or_unknown,,normal_info,0,0,0
ZZM_CN_3aeefabc53f0,network_or_unknown,,normal_info,0,0,0
ZZM_CN_5210bacb756d,network_or_unknown,,normal_info,0,0,0
ZZM_CN_d00445c6496e,station,5号线,normal_info,0,1,31
ZZM_CN_bd420ad9759c,network_or_unknown,,normal_info,0,0,0
ZZM_CN_0b3476c5a64e,network_or_unknown,,normal_info,0,0,0
ZZM_CN_027f4908eb85,network_or_unknown,,normal_info,0,0,0
ZZM_CN_5eae6e6cc91d,network_or_unknown,,normal_info,0,0,0
ZZM_CN_33b1f3d7d08e,station,5号线,normal_info,0,1,31
ZZM_CN_9e7e88412d37,station,5号线,normal_info,0,1,31
ZZM_CN_7a07e1baddfd,station,,normal_info,0,1,0
ZZM_CN_662d0ac7586a,network_or_unknown,,normal_info,0,0,0
ZZM_CN_6f5acc99b683,station,,normal_info,0,1,0
ZZM_CN_5ab4f4c56965,station,,normal_info,0,1,0
ZZM_CN_60617da459b7,line,5号线,normal_info,0,0,32
ZZM_CN_fa257d2141b9,line,5号线,normal_info,0,0,32
ZZM_CN_d914df79b6d6,network_or_unknown,,normal_info,0,0,0
ZZM_CN_855db4245730,network_or_unknown,,normal_info,0,0,0
ZZM_CN_b1a5c2140433,station,1号线,normal_info,0,1,29
ZZM_CN_e8b8dda41248,network_or_unknown,,normal_info,0,0,0
ZZM_CN_754380a04c07,station,1号线,normal_info,0,2,29
ZZM_CN_248895c74d2c,network_or_unknown,,normal_info,0,0,0
ZZM_CN_a3d0d8e20925,network_or_unknown,,facility_equipment,1,0,0
ZZM_CN_47ce6e268396,network_or_unknown,,normal_info,0,0,0
ZZM_CN_dda70e0f5707,network_or_unknown,,normal_info,0,0,0
ZZM_CN_5b9062f9249d,network_or_unknown,,normal_info,0,0,0
ZZM_CN_0625bad26e9a,line,4号线,normal_info,0,0,27
ZZM_CN_0afe632c212e,network_or_unknown,,normal_info,0,0,0
ZZM_CN_9e2b6d07131e,network_or_unknown,,normal_info,0,0,0
ZZM_CN_14cdf88ae0bd,station,,normal_info,0,1,0
ZZM_CN_73bc8dcb7aae,network_or_unknown,,normal_info,0,0,0
ZZM_CN_0af16ef0d6e4,network_or_unknown,,normal_info,0,0,0
ZZM_CN_4d0062cd6a52,network_or_unknown,,normal_info,0,0,0
ZZM_CN_7544c2965262,network_or_unknown,,facility_equipment,0,0,0
ZZM_CN_b4a2df603673,network_or_unknown,,normal_info,0,0,0
ZZM_CN_05898810f2b8,line,4号线,normal_info,0,0,27
ZZM_CN_f133ce5b57a5,network_or_unknown,,normal_info,0,0,0
ZZM_CN_55b03cd9344c,network_or_unknown,,normal_info,0,0,0
ZZM_CN_73b992cf8665,network_or_unknown,,normal_info,0,0,0
ZZM_CN_6fbcf58ee648,network_or_unknown,,normal_info,0,0,0
ZZM_CN_ba571e458694,network_or_unknown,,normal_info,0,0,0
ZZM_CN_0de349f460a7,network_or_unknown,,normal_info,0,0,0
ZZM_CN_1f98260ded24,line,3号线,normal_info,0,0,25
ZZM_CN_cbdd956fd47d,network_or_unknown,,safety_emergency,3,0,0
ZZM_CN_b2c410e576ce,network_or_unknown,,safety_emergency,3,0,0
ZZM_CN_2df45ad8527d,network_or_unknown,,normal_info,0,0,0
ZZM_CN_8c061f918c50,network_or_unknown,,normal_info,0,0,0
ZZM_CN_aa667b103b24,line,5号线,normal_info,0,0,32
ZZM_CN_46e99c170f81,network_or_unknown,,normal_info,0,0,0
ZZM_CN_c99ac0fb4c4f,station,,normal_info,0,1,0
ZZM_CN_7884598c360c,station,3号线,service_disruption,0,1,25
ZZM_CN_2805a1bdd485,network_or_unknown,,normal_info,0,0,0
ZZM_CN_d69d41180df1,network_or_unknown,,normal_info,0,0,0
ZZM_CN_67dbbdc40f22,network_or_unknown,,normal_info,0,0,0
ZZM_CN_027d3f529db0,network_or_unknown,,facility_equipment,0,0,0
ZZM_CN_7c04a5094d95,station,1号线,normal_info,0,1,29
ZZM_CN_ade2651577b4,network_or_unknown,,normal_info,0,0,0
ZZM_CN_7a94c7a55e72,network_or_unknown,,normal_info,0,0,0
ZZM_CN_1721f9c33bd9,network_or_unknown,,normal_info,0,0,0
ZZM_CN_bb8be4518f19,network_or_unknown,,normal_info,0,0,0
ZZM_CN_87fdf35699f4,network_or_unknown,,normal_info,0,0,0
ZZM_CN_3934b80da142,line,1号线,normal_info,0,0,30
ZZM_CN_fcc970c2d26e,network_or_unknown,,normal_info,0,0,0
ZZM_CN_3d51218070d8,network_or_unknown,,normal_info,0,0,0
ZZM_CN_4f5d4a444cf9,network_or_unknown,,normal_info,0,0,0
ZZM_CN_8982525a4f13,network_or_unknown,,normal_info,0,0,0
ZZM_CN_525174e7f8b2,station,,normal_info,0,1,0
ZZM_CN_8971103d930a,line,1号线|4号线,normal_info,0,0,56
ZZM_CN_b0335ed97e40,network_or_unknown,,normal_info,0,0,0
ZZM_CN_9e3043198add,network_or_unknown,,normal_info,0,0,0
ZZM_CN_dae3793fa2f3,line,3号线,normal_info,0,0,25
ZZM_CN_578642c80f17,station,1号线,normal_info,0,1,29
ZZM_CN_ab996107ab8f,network_or_unknown,,normal_info,0,0,0
ZZM_CN_4634b66e49a8,network_or_unknown,,normal_info,0,0,0
ZZM_CN_2cdf7cc23ae5,network_or_unknown,,normal_info,0,0,0
ZZM_CN_56c5b7896e38,network_or_unknown,,normal_info,0,0,0
ZZM_CN_746c661aee39,line,5号线,normal_info,0,0,32
ZZM_CN_1c5a63c1f840,network_or_unknown,,normal_info,0,0,0
ZZM_CN_f106b839172b,station,,normal_info,0,1,0
ZZM_CN_2651a31aaec5,network_or_unknown,,crowd_weather_external,0,0,0
ZZM_CN_a0d00417ff68,station,1号线,normal_info,0,2,30
ZZM_CN_d13dec9fd4e9,line,1号线,normal_info,0,0,30
ZZM_CN_51727445653c,network_or_unknown,,normal_info,0,0,0
ZZM_CN_0d5f0d9ca269,line,5号线,normal_info,0,0,32
ZZM_CN_1841837cea6d,network_or_unknown,,normal_info,0,0,0
ZZM_CN_4f20ebc4a4fe,line,5号线,normal_info,0,0,32
ZZM_CN_6b4f93fa808f,network_or_unknown,,normal_info,0,0,0
ZZM_CN_97637b67fc1f,station,1号线,normal_info,0,1,29
ZZM_CN_c1eaf17dbfcb,network_or_unknown,,normal_info,0,0,0
ZZM_CN_8df5f8e205b5,network_or_unknown,,normal_info,0,0,0
ZZM_CN_8fcf6cb69c9f,line,5号线,normal_info,0,0,32
ZZM_CN_14d95950d892,network_or_unknown,,normal_info,0,0,0
ZZM_CN_cea38acb2581,line,2号线,safety_emergency,2,0,22
ZZM_CN_a6408978b5b6,station,1号线|2号线,normal_info,0,1,50
ZZM_CN_0fc6a7585ec7,line,2号线,normal_info,0,0,22
ZZM_CN_a1a53fc5974e,network_or_unknown,,normal_info,0,0,0
ZZM_CN_d6b0972d459f,network_or_unknown,,normal_info,0,0,0
ZZM_CN_dbba27010fe7,station,2号线,normal_info,0,2,20
ZZM_CN_66bd6b15ba7f,network_or_unknown,,normal_info,0,0,0
ZZM_CN_a91eff80dc41,line,2号线,normal_info,0,0,22
ZZM_CN_4267b867cca0,network_or_unknown,,normal_info,0,0,0
ZZM_CN_72dbc782bbd9,network_or_unknown,,normal_info,0,0,0
ZZM_CN_a844dee54b23,line,2号线,service_disruption,0,0,22
ZZM_CN_8bcef75988fd,line,2号线,normal_info,0,0,22
ZZM_CN_27d93b78fbfa,station,2号线,normal_info,0,1,21
ZZM_CN_1a104299f07b,line,1号线|2号线,normal_info,0,0,51
ZZM_CN_094fa120e624,network_or_unknown,,normal_info,0,0,0
ZZM_CN_157d8b06008a,network_or_unknown,,normal_info,0,0,0
ZZM_CN_f2f34d8b701b,network_or_unknown,,normal_info,0,0,0
ZZM_CN_d570f87dfe2c,network_or_unknown,,normal_info,0,0,0
ZZM_CN_17f5a2bae858,network_or_unknown,,crowd_weather_external,1,0,0
ZZM_CN_d0eea0d91c73,network_or_unknown,,normal_info,0,0,0
ZZM_CN_facbb67f8387,line,1号线|2号线,normal_info,0,0,51
ZZM_CN_9e81827b3050,network_or_unknown,,normal_info,0,0,0
ZZM_CN_ab214c96edbe,network_or_unknown,,normal_info,0,0,0
ZZM_CN_159f5f6e46eb,network_or_unknown,,normal_info,1,0,0
ZZM_CN_c4d27355c745,network_or_unknown,,normal_info,0,0,0
ZZM_CN_e849021ee711,network_or_unknown,,normal_info,0,0,0
ZZM_CN_a82face1880d,network_or_unknown,,normal_info,0,0,0
ZZM_CN_52c33b181745,station,1号线,normal_info,0,2,28
ZZM_CN_d5d2dbd650b6,line,1号线,facility_equipment,0,0,30
ZZM_CN_d20a8c25fe0f,station,1号线,normal_info,0,1,29
ZZM_CN_3e9c31531392,network_or_unknown,,normal_info,0,0,0
ZZM_CN_9691f0a9b3b1,station,1号线,normal_info,0,1,29
ZZM_CN_3f8a008eb1fe,line,3号线,normal_info,0,0,25
ZZM_CN_17aec10d24b2,network_or_unknown,,normal_info,0,0,0
ZZM_CN_133b1923ea5e,network_or_unknown,,normal_info,0,0,0
ZZM_CN_0eee6cd947cd,network_or_unknown,,normal_info,0,0,0
ZZM_CN_3aa23e358ca9,network_or_unknown,,normal_info,0,0,0
ZZM_CN_2ee3e386ffd9,network_or_unknown,,safety_emergency,2,0,0
ZZM_CN_8ecdc2f25a8e,network_or_unknown,,normal_info,0,0,0
ZZM_CN_7effca1123f6,network_or_unknown,,normal_info,0,0,0
ZZM_CN_969b647ef701,network_or_unknown,,normal_info,0,0,0
ZZM_CN_165bdfb835ba,network_or_unknown,,normal_info,0,0,0
ZZM_CN_0e4abb42f11b,network_or_unknown,,normal_info,0,0,0
ZZM_CN_cea523e4c827,network_or_unknown,,normal_info,0,0,0
ZZM_CN_31ea08f65030,network_or_unknown,,normal_info,0,0,0
ZZM_CN_bec26982022e,network_or_unknown,,normal_info,0,0,0
ZZM_CN_5201b74b3bfa,station,,normal_info,0,1,0
ZZM_CN_aeb47391b0d1,station,1号线,safety_emergency,3,2,29
ZZM_CN_7b5d55677a76,line,1号线,normal_info,0,0,30
ZZM_CN_cdb05b0f6c9a,network_or_unknown,,normal_info,0,0,0
ZZM_CN_8544c99d0b16,network_or_unknown,,normal_info,0,0,0
ZZM_CN_2a99f2c52571,network_or_unknown,,normal_info,0,0,0
ZZM_CN_05dd54787563,station,,normal_info,0,1,0
ZZM_CN_22c0da835a5d,network_or_unknown,,normal_info,0,0,0
ZZM_CN_28363310d14c,network_or_unknown,,normal_info,0,0,0
ZZM_CN_47bac8666c8b,network_or_unknown,,normal_info,0,0,0
ZZM_CN_4a4a471f8965,network_or_unknown,,normal_info,0,0,0
ZZM_CN_87a34f3b2b30,line,1号线,normal_info,0,0,30
ZZM_CN_21a488096616,network_or_unknown,,normal_info,0,0,0
ZZM_CN_4ce5950dc257,line,1号线,normal_info,0,0,30
ZZM_CN_3fcd40478016,line,1号线,normal_info,0,0,30
ZZM_CN_0a72307888f2,line,5号线,normal_info,0,0,32
ZZM_CN_34f0c4ec86bc,line,1号线,crowd_weather_external,2,0,30
ZZM_CN_aac20f4bdb25,network_or_unknown,,normal_info,0,0,0
ZZM_CN_88c93ae3ac35,line,1号线,normal_info,0,0,30
ZZM_CN_e39ca5f19ffe,network_or_unknown,,normal_info,0,0,0
ZZM_CN_99ea08ec1f08,network_or_unknown,,normal_info,0,0,0
ZZM_CN_62bc2ad72963,network_or_unknown,,normal_info,0,0,0
ZZM_CN_a6dd29a92554,network_or_unknown,,crowd_weather_external,1,0,0
ZZM_CN_afb2732f5370,network_or_unknown,,normal_info,0,0,0
ZZM_CN_9e2c61e7dac7,network_or_unknown,,normal_info,0,0,0
ZZM_CN_8ab33f00da86,network_or_unknown,,normal_info,0,0,0
ZZM_CN_8636d4f7687e,network_or_unknown,,normal_info,0,0,0
ZZM_CN_17436dd4f774,network_or_unknown,,normal_info,0,0,0
ZZM_CN_2a6682efa87a,network_or_unknown,,normal_info,0,0,0
ZZM_CN_003a147e9f73,network_or_unknown,,normal_info,0,0,0
ZZM_CN_eef6906eda6f,network_or_unknown,,normal_info,0,0,0
ZZM_CN_0d4f24ea48f4,network_or_unknown,,normal_info,0,0,0
ZZM_CN_e5480ba09307,network_or_unknown,,normal_info,0,0,0
ZZM_CN_d50c32fda630,station,,normal_info,0,1,0
ZZM_CN_4696f60ab971,station,1号线,crowd_weather_external,1,1,29
ZZM_CN_a21df291b0d5,network_or_unknown,,normal_info,0,0,0
ZZM_CN_0aa89e5a2aaa,station,2号线,normal_info,0,1,21
ZZM_CN_d2697649eddb,network_or_unknown,,normal_info,0,0,0
ZZM_CN_640176815334,network_or_unknown,,normal_info,0,0,0
ZZM_CN_26b332404c7c,network_or_unknown,,safety_emergency,3,0,0
ZZM_CN_1a18006537ba,station,1号线,safety_emergency,2,1,29
ZZM_CN_e3ee4ef67d0f,network_or_unknown,,normal_info,0,0,0
ZZM_CN_1fbe702cdae7,network_or_unknown,,normal_info,0,0,0
ZZM_CN_0a089f49f5b1,station,,normal_info,0,1,0
ZZM_CN_f91f1b367a34,line,2号线|5号线,normal_info,3,0,52
ZZM_CN_82f2dc7f247e,line,1号线,normal_info,0,0,30
ZZM_CN_0b342ffe8183,network_or_unknown,,normal_info,0,0,0
ZZM_CN_5236585bb71d,network_or_unknown,,normal_info,0,0,0
ZZM_CN_fbfc4fd642d2,line,3号线,normal_info,0,0,25
ZZM_CN_485a12a37f2d,network_or_unknown,,normal_info,0,0,0
ZZM_CN_67d37151d8f5,network_or_unknown,,normal_info,0,0,0
ZZM_CN_c39dde5e9a6d,station,1号线,normal_info,0,2,28
ZZM_CN_b3463f4155ad,line,1号线,normal_info,0,0,30
ZZM_CN_ea3f2cc25306,line,1号线,crowd_weather_external,0,0,30
ZZM_CN_dc8eebd10a11,network_or_unknown,,normal_info,0,0,0
ZZM_CN_b24d936454c0,network_or_unknown,,normal_info,0,0,0
ZZM_CN_c5f4bf1ccb85,line,2号线,normal_info,0,0,22
ZZM_CN_fa722ccabf70,line,1号线,normal_info,0,0,30
ZZM_CN_2bfb0f3be3e1,network_or_unknown,,normal_info,0,0,0
ZZM_CN_7c8c977e8328,line,1号线,normal_info,0,0,30
ZZM_CN_787f3a97b918,line,1号线,normal_info,0,0,30
ZZM_CN_0f5c6e3a4817,line,1号线,normal_info,0,0,30
ZZM_CN_f62ccdce3b57,line,1号线,normal_info,0,0,30
ZZM_CN_41547ea24423,line,1号线,normal_info,0,0,30
ZZM_CN_0e58f075df4c,line,1号线,normal_info,0,0,30
ZZM_CN_d5c42dbe9452,line,1号线,normal_info,0,0,30
ZZM_CN_c619ce8712f3,line,1号线,normal_info,0,0,30
ZZM_CN_e372cb30580a,line,1号线,normal_info,0,0,30
ZZM_CN_d3c0cefdd356,network_or_unknown,,normal_info,0,0,0
ZZM_CN_af534222de53,line,1号线,facility_equipment,0,0,30
ZZM_CN_7b0d20bb36b0,line,1号线,normal_info,0,0,30
ZZM_CN_a92bba0dd8e2,network_or_unknown,,normal_info,0,0,0
ZZM_CN_c14925204dfd,station,1号线,normal_info,0,1,29
ZZM_CN_fdc1ae785427,line,1号线,normal_info,0,0,30
ZZM_CN_b289c5b478f8,line,1号线,normal_info,0,0,30
ZZM_CN_99e0b9c67d20,line,1号线,normal_info,0,0,30
ZZM_CN_dfe3eee36e45,network_or_unknown,,normal_info,0,0,0
ZZM_CN_ee1e344ad4b7,line,2号线,normal_info,0,0,22
ZZM_CN_2dd07e49a4d0,network_or_unknown,,normal_info,0,0,0
ZZM_CN_3f9135f42d56,station,1号线,normal_info,0,1,29
ZZM_CN_2c81f16ffe5d,network_or_unknown,,normal_info,0,0,0
ZZM_CN_91ee2473c79b,network_or_unknown,,normal_info,0,0,0
ZZM_CN_ce3860176b62,network_or_unknown,,normal_info,0,0,0
ZZM_CN_46e04972956b,line,1号线,normal_info,0,0,30
ZZM_CN_1295b53662d3,line,2号线,normal_info,0,0,22
ZZM_CN_2946ce4335e1,line,1号线,normal_info,0,0,30
ZZM_CN_9cc2281f0863,station,,normal_info,0,3,0
ZZM_CN_470a75af9b97,station,1号线,normal_info,0,2,28
ZZM_CN_0324be639f1a,network_or_unknown,,normal_info,0,0,0
ZZM_CN_07888babfa59,station,1号线,facility_equipment,0,2,29
ZZM_CN_b781696254be,line,1号线,normal_info,0,0,30
ZZM_CN_3c3e27b94c92,line,1号线,normal_info,0,0,30
ZZM_CN_db900199a990,line,2号线,normal_info,0,0,22
ZZM_CN_f2bb16b071e6,network_or_unknown,,crowd_weather_external,1,0,0
ZZM_CN_6a5a8ab98fb7,line,1号线,normal_info,0,0,30
ZZM_CN_1b50b4e1be10,network_or_unknown,,normal_info,0,0,0
ZZM_CN_46cd2f5d5a0a,station,1号线,normal_info,0,2,28
ZZM_CN_533bfcbcb3d4,network_or_unknown,,normal_info,0,0,0
ZZM_CN_9d50ace1a903,line,1号线,normal_info,0,0,30
ZZM_CN_dc0fc4ff0fdf,network_or_unknown,,normal_info,0,0,0
ZZM_CN_69e3d77f98bf,network_or_unknown,,normal_info,0,0,0
ZZM_CN_6e6e575f171f,line,1号线,normal_info,0,0,30
ZZM_CN_e19374d3920a,network_or_unknown,,normal_info,0,0,0
ZZM_CN_f12e7f0ccb2b,line,1号线,facility_equipment,0,0,30
ZZM_CN_77396444e126,network_or_unknown,,normal_info,0,0,0
ZZM_CN_4da6724eb650,station,1号线,normal_info,0,1,29
ZZM_CN_98064a31a98b,network_or_unknown,,normal_info,0,0,0
ZZM_CN_bdc8a45c5925,network_or_unknown,,normal_info,0,0,0
ZZM_CN_70df62c560c7,line,1号线,normal_info,0,0,30
ZZM_CN_1a7aab5f8ff9,station,1号线,normal_info,0,1,29
ZZM_CN_3365c1826ba1,line,1号线,normal_info,0,0,30
ZZM_CN_a160bce56d77,line,1号线,normal_info,0,0,30
ZZM_CN_7b4b664f3e1c,station,1号线,normal_info,0,1,29
ZZM_CN_fc1306cb44aa,network_or_unknown,,normal_info,0,0,0
ZZM_CN_d7cef937986a,line,1号线,normal_info,0,0,30
ZZM_CN_7be373f7416b,line,1号线,normal_info,0,0,30
ZZM_CN_f699edea95f7,network_or_unknown,,safety_emergency,2,0,0
ZZM_CN_d8ff07a59847,network_or_unknown,,normal_info,0,0,0
ZZM_CN_36e3dc203d97,line,1号线,normal_info,0,0,30
ZZM_CN_f87d17995dff,line,1号线,facility_equipment,0,0,30
ZZM_CN_8b866117fa38,network_or_unknown,,normal_info,0,0,0
ZZM_CN_aa4362925c7d,network_or_unknown,,normal_info,0,0,0
ZZM_CN_0b2077459cc2,station,1号线,normal_info,0,1,29
ZZM_CN_9569dbdca877,network_or_unknown,,normal_info,0,0,0
ZZM_CN_123711d2f734,station,,normal_info,0,1,0
ZZM_CN_42e94640f1ac,station,1号线|2号线,normal_info,0,2,49
ZZM_CN_92074709d829,line,1号线,normal_info,0,0,30
ZZM_CN_09885ecc21f2,network_or_unknown,,normal_info,0,0,0
ZZM_CN_e70a54ebdd67,line,1号线,normal_info,0,0,30
ZZM_CN_52aaac5e9dca,network_or_unknown,,normal_info,0,0,0
ZZM_CN_992e8f5f9ff3,line,1号线,normal_info,0,0,30
ZZM_CN_f7113164554d,network_or_unknown,,normal_info,0,0,0
ZZM_CN_c03a43feb8dd,network_or_unknown,,normal_info,0,0,0
ZZM_CN_da2bde5922fd,station,1号线,normal_info,0,3,27
ZZM_CN_d1eddc796e04,network_or_unknown,,normal_info,0,0,0
ZZM_CN_ee6d65fd0313,network_or_unknown,,normal_info,0,0,0
ZZM_CN_dd07e8c3f7f6,network_or_unknown,,normal_info,0,0,0
ZZM_CN_43f7d70e79e8,network_or_unknown,,safety_emergency,3,0,0
ZZM_CN_f627bb0237e2,station,1号线|2号线,normal_info,0,2,49
ZZM_CN_596855bc4860,network_or_unknown,,normal_info,0,0,0
ZZM_CN_3c9e5351c145,network_or_unknown,,safety_emergency,3,0,0
ZZM_CN_f00f6ca079ed,station,1号线,normal_info,0,1,29
ZZM_CN_3a33295278a2,line,1号线,normal_info,0,0,30
ZZM_CN_c04afdf6887c,station,1号线|2号线,normal_info,0,1,50
ZZM_CN_c5221adafbbb,network_or_unknown,,normal_info,0,0,0
ZZM_CN_aea3579492a4,line,1号线,normal_info,0,0,30
ZZM_CN_10f992bac1d4,network_or_unknown,,normal_info,0,0,0
ZZM_CN_f318ac9b82e7,network_or_unknown,,normal_info,0,0,0
ZZM_CN_c7f91d650938,network_or_unknown,,normal_info,0,0,0
ZZM_CN_2d1ca062fc54,station,1号线,normal_info,0,1,29
ZZM_CN_954dd41a2eff,network_or_unknown,,normal_info,0,0,0
ZZM_CN_e8f6667a6e15,network_or_unknown,,normal_info,0,0,0
ZZM_CN_fed93c044d1d,line,1号线,normal_info,0,0,30
ZZM_CN_88b95849a3f5,network_or_unknown,,normal_info,0,0,0
ZZM_CN_400e7f842664,network_or_unknown,,normal_info,0,0,0
ZZM_CN_877f280f92c9,network_or_unknown,,normal_info,0,0,0
ZZM_CN_96e87000c6f9,line,1号线,normal_info,0,0,30
ZZM_CN_73d838ee48d3,station,1号线|2号线,normal_info,3,1,50
ZZM_CN_a4b396aebe44,network_or_unknown,,normal_info,0,0,0
ZZM_CN_b0b5b651b26b,line,2号线,normal_info,0,0,22
ZZM_CN_5ec72a071a09,line,2号线,normal_info,0,0,22
ZZM_CN_a347bd39896f,network_or_unknown,,normal_info,0,0,0
ZZM_CN_c53cc61f30b3,line,2号线,normal_info,0,0,22
ZZM_CN_51d86eefcf4c,line,1号线,service_disruption,0,0,30
ZZM_CN_444a2dca4353,network_or_unknown,,normal_info,0,0,0
ZZM_CN_1e3b07b7bf0e,network_or_unknown,,normal_info,0,0,0
ZZM_CN_4e5184d5f147,line,1号线,normal_info,0,0,30
ZZM_CN_6a048cfec89f,network_or_unknown,,normal_info,0,0,0
ZZM_CN_9074072e0a81,line,1号线|2号线,normal_info,0,0,51
ZZM_CN_be57297f6ff3,station,,normal_info,0,1,0
ZZM_CN_e4eb7f13c8d2,line,1号线,service_disruption,0,0,30
ZZM_CN_31691d8ff0a0,network_or_unknown,,normal_info,0,0,0
ZZM_CN_f066325eb004,network_or_unknown,,normal_info,0,0,0
ZZM_CN_e86c47da2459,network_or_unknown,,normal_info,0,0,0
ZZM_CN_c4f2f573926b,network_or_unknown,,normal_info,0,0,0
ZZM_CN_323b30232056,network_or_unknown,,normal_info,0,0,0
ZZM_CN_80d01322ff70,line,4号线,normal_info,0,0,27
ZZM_CN_f691e4fb92eb,line,1号线,normal_info,0,0,30
ZZM_CN_c27e1fe456a2,station,2号线,normal_info,1,1,21
ZZM_CN_70c45d034e24,line,1号线,normal_info,3,0,30
ZZM_CN_1b3029c2ca34,line,1号线,service_disruption,0,0,30
ZZM_CN_2c1ca000e217,network_or_unknown,,normal_info,0,0,0
ZZM_CN_143e020128b7,line,1号线,normal_info,0,0,30
ZZM_CN_7edb3a89d2e4,line,1号线,normal_info,0,0,30
ZZM_CN_d2abe30cbb4f,network_or_unknown,,normal_info,0,0,0
ZZM_CN_859fa63fa1bd,network_or_unknown,,normal_info,0,0,0
ZZM_CN_b9f860b60647,line,1号线,normal_info,0,0,30
ZZM_CN_c2292ff04e73,line,1号线,normal_info,0,0,30
ZZM_CN_4c0c5cded10b,line,2号线,normal_info,0,0,22
ZZM_CN_5f641728f083,network_or_unknown,,normal_info,0,0,0
ZZM_CN_2650fc036b7a,network_or_unknown,,normal_info,0,0,0
ZZM_CN_acd8dae7222e,network_or_unknown,,normal_info,0,0,0
ZZM_CN_31b62fac985e,line,1号线,normal_info,0,0,30
ZZM_CN_ba2fb1780f01,station,1号线,service_disruption,0,2,29
ZZM_CN_f80c9e11d8a4,line,2号线,normal_info,0,0,22
ZZM_CN_8fb8678a8374,line,1号线,normal_info,0,0,30
ZZM_CN_7eae2e6f6eaf,station,1号线,service_disruption,3,1,29
ZZM_CN_de39d90603ed,network_or_unknown,,normal_info,0,0,0
ZZM_CN_b5925c23838f,network_or_unknown,,normal_info,0,0,0
ZZM_CN_d3f53ade75b8,network_or_unknown,,normal_info,0,0,0
ZZM_CN_874ac47f02fd,network_or_unknown,,normal_info,0,0,0
ZZM_CN_8034af12b05c,network_or_unknown,,normal_info,0,0,0
ZZM_CN_b943cdc113db,network_or_unknown,,normal_info,0,0,0
ZZM_CN_0752a21e4594,network_or_unknown,,crowd_weather_external,1,0,0
ZZM_CN_13c359099ac3,station,1号线,normal_info,0,1,29
ZZM_CN_0c121d1aa88c,network_or_unknown,,normal_info,0,0,0
ZZM_CN_5bc3202989cf,line,1号线,normal_info,0,0,30
ZZM_CN_df6d817bcec6,line,1号线,normal_info,0,0,30
ZZM_CN_20abf25bf571,network_or_unknown,,normal_info,0,0,0
ZZM_CN_f36b08e40cea,network_or_unknown,,normal_info,0,0,0
ZZM_CN_af0d39ff0762,network_or_unknown,,normal_info,0,0,0
ZZM_CN_75b13b351662,network_or_unknown,,normal_info,0,0,0
ZZM_CN_5bc46450e95c,line,2号线,normal_info,0,0,22
ZZM_CN_457d2cff8e93,line,1号线,normal_info,0,0,30
ZZM_CN_de7f79193489,station,1号线,normal_info,0,1,29
ZZM_CN_eefbc2919064,network_or_unknown,,normal_info,0,0,0
ZZM_CN_e0fbaa87d4a5,station,1号线,normal_info,0,1,29
ZZM_CN_b1a324cd0ac2,network_or_unknown,,normal_info,0,0,0
ZZM_CN_ab46d388bb99,network_or_unknown,,normal_info,0,0,0
ZZM_CN_6e94f529536a,station,2号线,normal_info,0,1,21
ZZM_CN_3cf85cd380a6,network_or_unknown,,normal_info,0,0,0
ZZM_CN_bf86ce1d54d7,network_or_unknown,,normal_info,0,0,0
ZZM_CN_96aa7b19260c,station,1号线,normal_info,0,2,28
ZZM_CN_cbdd9649d484,station,,normal_info,0,1,0
ZZM_CN_28849a95b4b0,station,1号线,normal_info,0,1,29
ZZM_CN_5ee33b43a60b,station,1号线,normal_info,0,1,29
ZZM_CN_4680a4791db0,station,1号线,normal_info,0,2,28
ZZM_CN_41e341b4471b,line,2号线,normal_info,0,0,22
ZZM_CN_99dc780470eb,line,1号线,normal_info,0,0,30
ZZM_CN_735455a9220a,network_or_unknown,,normal_info,1,0,0
ZZM_CN_5cf23f8ba5bd,line,2号线,normal_info,0,0,22
ZZM_CN_c85037896f81,line,1号线,normal_info,0,0,30
ZZM_CN_82ff4f66471b,network_or_unknown,,normal_info,0,0,0
ZZM_CN_45eb6161c71a,station,1号线|2号线,normal_info,0,3,49
ZZM_CN_6890c07f0746,line,1号线,normal_info,0,0,30
ZZM_CN_b8d9a5bc5ada,network_or_unknown,,normal_info,0,0,0
ZZM_CN_2ff007ceb7df,line,1号线,normal_info,0,0,30
ZZM_CN_0840ef13a984,station,2号线,normal_info,0,1,21
ZZM_CN_ff52240b0945,line,1号线,normal_info,0,0,30
ZZM_CN_300f9d3f0944,network_or_unknown,,normal_info,0,0,0
ZZM_CN_59509a4867a6,network_or_unknown,,normal_info,0,0,0
ZZM_CN_0621a969f279,station,,normal_info,0,1,0
ZZM_CN_ec4da00219b6,line,2号线,crowd_weather_external,0,0,22
ZZM_CN_4c0255acd562,line,1号线,normal_info,0,0,30
ZZM_CN_a7aeadfb7cbc,network_or_unknown,,normal_info,0,0,0
ZZM_CN_b86eaceeb7b5,station,1号线,normal_info,0,1,30
ZZM_CN_54a9eecdc5d4,network_or_unknown,,normal_info,0,0,0
ZZM_CN_9bdfa4a13297,network_or_unknown,,normal_info,0,0,0
ZZM_CN_a6efc90f6f89,network_or_unknown,,normal_info,0,0,0
ZZM_CN_d8a6053875e5,network_or_unknown,,normal_info,0,0,0
ZZM_CN_6e48fe2770a5,line,1号线,normal_info,0,0,30
ZZM_CN_160b34833970,line,1号线,normal_info,0,0,30
ZZM_CN_57f2258ae886,network_or_unknown,,normal_info,0,0,0
ZZM_CN_bcf7c2c633d3,station,1号线,normal_info,0,3,27
ZZM_CN_a0d221352028,line,1号线,normal_info,3,0,30
ZZM_CN_2ad683924c81,network_or_unknown,,normal_info,0,0,0
ZZM_CN_a3621bad1309,network_or_unknown,,normal_info,0,0,0
ZZM_CN_8683f6a9adb7,line,1号线,normal_info,0,0,30
ZZM_CN_8ea49413add8,network_or_unknown,,normal_info,0,0,0
ZZM_CN_a92ee6baf9e4,network_or_unknown,,normal_info,0,0,0
ZZM_CN_335c520241b3,line,2号线,normal_info,0,0,22
ZZM_CN_bb8a6da5c31e,network_or_unknown,,normal_info,0,0,0
ZZM_CN_972364b79a64,line,1号线,normal_info,0,0,30
ZZM_CN_1939163de85f,station,1号线,normal_info,0,2,29
ZZM_CN_7a727cb34473,network_or_unknown,,normal_info,0,0,0
ZZM_CN_a7d93e6e6d9b,line,2号线,normal_info,0,0,22
ZZM_CN_741d25d99f9f,network_or_unknown,,normal_info,0,0,0
ZZM_CN_62283e78c3d8,station,1号线,normal_info,0,2,29
ZZM_CN_fcffa0bda05c,station,1号线,normal_info,0,1,29
ZZM_CN_c61f4191d717,station,1号线,normal_info,0,3,27
ZZM_CN_82a875f80131,network_or_unknown,,normal_info,0,0,0
ZZM_CN_f520ee63014d,network_or_unknown,,facility_equipment,0,0,0
ZZM_CN_e40e84bfd95f,network_or_unknown,,normal_info,0,0,0
ZZM_CN_63b596e94608,line,2号线,normal_info,0,0,22
ZZM_CN_b4d4786b9d28,network_or_unknown,,normal_info,0,0,0
ZZM_CN_15d04fb26477,network_or_unknown,,normal_info,0,0,0
ZZM_CN_231b2a7ff3b9,line,1号线,normal_info,0,0,30
ZZM_CN_cb59eb53fee4,station,1号线,normal_info,0,1,29
ZZM_CN_c197688a61c4,network_or_unknown,,normal_info,0,0,0
ZZM_CN_dc0af7e895fa,network_or_unknown,,normal_info,0,0,0
ZZM_CN_c0e4ce399cac,line,2号线,normal_info,0,0,22
ZZM_CN_933e316a5a68,line,1号线,normal_info,0,0,30
ZZM_CN_ab4a9a5bee46,network_or_unknown,,normal_info,0,0,0
ZZM_CN_e9932e2cfb04,network_or_unknown,,normal_info,0,0,0
ZZM_CN_425018fd42b5,line,1号线,normal_info,0,0,30
ZZM_CN_0bc9e656c714,network_or_unknown,,safety_emergency,2,0,0
ZZM_CN_e89241a55bf2,station,1号线,normal_info,0,2,29
ZZM_CN_b50f96d17657,network_or_unknown,,normal_info,0,0,0
ZZM_CN_ddd1f9724904,network_or_unknown,,normal_info,0,0,0
ZZM_CN_fe210f193d0d,station,2号线,normal_info,0,1,21
ZZM_CN_d05b651df386,line,2号线,normal_info,0,0,22
ZZM_CN_2eb3d7fcb2cd,network_or_unknown,,normal_info,0,0,0
ZZM_CN_5909c542b659,line,1号线,normal_info,0,0,30
ZZM_CN_174cec803b88,network_or_unknown,,normal_info,0,0,0
ZZM_CN_3a3dd8a5572d,line,1号线,normal_info,0,0,30
ZZM_CN_ee7d42c45185,line,1号线,normal_info,0,0,30
ZZM_CN_0ff7131adce6,station,1号线,service_disruption,0,2,29
ZZM_CN_f08d9f28e57a,station,1号线,normal_info,0,1,30
ZZM_CN_71c85a95f441,station,1号线,normal_info,0,2,29
ZZM_CN_960e1e8a1f8e,line,2号线,normal_info,0,0,22
ZZM_CN_871e8a27f44f,line,1号线,normal_info,0,0,30
ZZM_CN_c4c0dfae3ef0,network_or_unknown,,normal_info,0,0,0
ZZM_CN_dcc3349d2085,line,1号线,normal_info,0,0,30
ZZM_CN_703cbcb0257f,network_or_unknown,,facility_equipment,0,0,0
ZZM_CN_3a63dca3dfb9,line,1号线,normal_info,0,0,30
ZZM_CN_7d25b4e21bc5,network_or_unknown,,normal_info,0,0,0
ZZM_CN_ddd552ae4646,network_or_unknown,,normal_info,0,0,0
ZZM_CN_0f1b0760cd88,network_or_unknown,,normal_info,0,0,0
ZZM_CN_c5deeab2318d,line,1号线,service_disruption,0,0,30
ZZM_CN_cf2482cc8e6b,station,1号线,normal_info,0,1,29
ZZM_CN_8f042449e8fe,station,1号线,normal_info,0,3,29
ZZM_CN_0fda20b3e3eb,line,1号线,normal_info,0,0,30
ZZM_CN_7dca6dae9591,line,1号线,normal_info,0,0,30
ZZM_CN_aadd93cc9562,station,,safety_emergency,3,1,0
ZZM_CN_f74220d4df9a,network_or_unknown,,normal_info,0,0,0
ZZM_CN_1df6012afa5d,line,1号线,normal_info,0,0,30
ZZM_CN_899cbfe00a56,network_or_unknown,,normal_info,0,0,0
ZZM_CN_2fede1ee6f25,network_or_unknown,,normal_info,0,0,0
ZZM_CN_cf1cd90570a0,network_or_unknown,,normal_info,0,0,0
ZZM_CN_c378683d0841,network_or_unknown,,facility_equipment,0,0,0
ZZM_CN_7c4adf932fd5,line,2号线,normal_info,0,0,22
ZZM_CN_dc4db29fbc7a,line,2号线,normal_info,0,0,22
ZZM_CN_58d24ccbc5ee,network_or_unknown,,normal_info,0,0,0
ZZM_CN_4e83e9d500da,line,4号线,normal_info,0,0,27
ZZM_CN_3dec2b3d4550,line,1号线,normal_info,0,0,30
ZZM_CN_6c4e03c4239e,line,1号线,service_disruption,0,0,30
ZZM_CN_b9d6c8cb0a87,network_or_unknown,,normal_info,0,0,0
ZZM_CN_14ab6ce0f487,network_or_unknown,,normal_info,0,0,0
ZZM_CN_12bfc3e83924,line,1号线,normal_info,0,0,30
ZZM_CN_6cfd9f062a28,station,1号线,service_disruption,0,3,29
ZZM_CN_97f58b561767,network_or_unknown,,normal_info,0,0,0
ZZM_CN_50bf7e54fdc7,line,1号线,normal_info,0,0,30
ZZM_CN_05cb051f2fa6,station,1号线,normal_info,0,1,29
ZZM_CN_915ab34ffbcc,station,1号线,normal_info,0,1,29
ZZM_CN_e1c6dbccaacc,network_or_unknown,,normal_info,0,0,0
ZZM_CN_f45240c04d32,network_or_unknown,,normal_info,0,0,0
ZZM_CN_4d0fd62e6d7c,network_or_unknown,,normal_info,0,0,0
ZZM_CN_e529340f1734,network_or_unknown,,normal_info,0,0,0
ZZM_CN_7a84c8648449,network_or_unknown,,normal_info,0,0,0
ZZM_CN_1b4c11a62b5f,network_or_unknown,,normal_info,0,0,0
ZZM_CN_15cbe545850f,network_or_unknown,,normal_info,0,0,0
ZZM_CN_b7684fb0d1b7,network_or_unknown,,normal_info,0,0,0
ZZM_CN_bd6990c5db8f,network_or_unknown,,normal_info,0,0,0
ZZM_CN_8d28793ca58f,network_or_unknown,,normal_info,0,0,0
ZZM_CN_4d9f79061608,network_or_unknown,,normal_info,0,0,0
ZZM_CN_8de0878659c6,network_or_unknown,,normal_info,0,0,0
ZZM_CN_aa3f3f7dd378,network_or_unknown,,normal_info,0,0,0
ZZM_CN_418e0ada1d39,network_or_unknown,,normal_info,0,0,0
ZZM_CN_2d7221b15a65,network_or_unknown,,normal_info,0,0,0
ZZM_CN_b6e665cbe46e,network_or_unknown,,normal_info,0,0,0
ZZM_CN_6a6a3994d66c,network_or_unknown,,normal_info,0,0,0
ZZM_CN_8cbf53560cba,line,1号线,normal_info,0,0,30
ZZM_CN_bd3ebd006455,network_or_unknown,,normal_info,0,0,0
ZZM_CN_9ef849137bdd,line,1号线,normal_info,0,0,30
ZZM_CN_459fc7b917e7,network_or_unknown,,normal_info,0,0,0
ZZM_CN_14006cdc3fc3,network_or_unknown,,normal_info,0,0,0
ZZM_CN_f862cf4bd671,station,,normal_info,0,1,0
ZZM_CN_8090692ccad5,station,1号线,normal_info,0,1,29
ZZM_CN_8108a8085db6,station,1号线,normal_info,0,2,28
ZZM_CN_c0de33b96eca,station,,normal_info,0,1,0
ZZM_CN_c5125a150648,network_or_unknown,,normal_info,0,0,0
ZZM_CN_1beb5638e8a6,station,1号线|5号线,service_disruption,0,1,59
ZZM_CN_95dda01126fd,station,1号线,normal_info,0,2,30
ZZM_CN_2b3b490828d2,station,1号线|5号线,service_disruption,0,1,59
ZZM_CN_104374928305,network_or_unknown,,normal_info,0,0,0
ZZM_CN_38f69b53e48b,line,2号线|5号线,normal_info,0,0,52
ZZM_CN_7f87605fd559,line,1号线,normal_info,0,0,30
ZZM_CN_9c6f4ccf90ce,station,,normal_info,0,1,0
ZZM_COM_df3faf705bfa,line,4号线|5号线,normal_info,0,0,57
ZZM_COM_5a61d51b6294,network_or_unknown,,facility_equipment,0,0,0
ZZM_COM_236a14670526,network_or_unknown,,facility_equipment,0,0,0
ZZM_COM_e461af8d0074,network_or_unknown,,normal_info,0,0,0
ZZM_COM_57255c911438,network_or_unknown,,normal_info,0,0,0
ZZM_COM_240aa9154f24,network_or_unknown,,normal_info,0,0,0
ZZM_COM_c91b084d626f,network_or_unknown,,normal_info,0,0,0
ZZM_COM_85815072e4d0,network_or_unknown,,normal_info,0,0,0
ZZM_COM_27133e985dc7,line,2号线,normal_info,0,0,22
ZZM_COM_67619dd4fb03,network_or_unknown,,normal_info,0,0,0
ZZM_COM_78172f269f5b,network_or_unknown,,normal_info,0,0,0
ZZM_COM_aa05c2b44a42,network_or_unknown,,normal_info,0,0,0
ZZM_COM_854fec46b4df,network_or_unknown,,normal_info,0,0,0
ZZM_COM_6474cc9bef85,network_or_unknown,,normal_info,0,0,0
ZZM_COM_40929e8bca19,network_or_unknown,,normal_info,0,0,0
ZZM_COM_f30438c7864a,network_or_unknown,,normal_info,0,0,0
ZZM_COM_68e211d0313c,network_or_unknown,,normal_info,0,0,0
ZZM_COM_5361f9ca4fd5,line,5号线,crowd_weather_external,0,0,32
ZZM_COM_7551f94afc05,network_or_unknown,,normal_info,0,0,0
ZZM_COM_b00b1dfcef1d,network_or_unknown,,normal_info,0,0,0
ZZM_COM_5c1305e0a516,network_or_unknown,,normal_info,0,0,0
ZZM_COM_a1ebfd664560,line,5号线,normal_info,0,0,32
ZZM_COM_60c739546796,network_or_unknown,,normal_info,0,0,0
ZZM_COM_04db7cc3049b,network_or_unknown,,normal_info,0,0,0
ZZM_COM_990087b64c31,network_or_unknown,,normal_info,0,0,0
ZZM_COM_be822e52c710,network_or_unknown,,crowd_weather_external,0,0,0
ZZM_COM_1d24ad55e1cd,network_or_unknown,,normal_info,0,0,0
ZZM_COM_37ee172b0f3d,network_or_unknown,,normal_info,0,0,0
ZZM_COM_9eddfe33c34b,network_or_unknown,,normal_info,0,0,0
ZZM_COM_18359b0982d9,network_or_unknown,,normal_info,0,0,0
ZZM_COM_810626681ad3,network_or_unknown,,normal_info,0,0,0
ZZM_COM_b5239b4f91af,network_or_unknown,,normal_info,0,0,0
ZZM_COM_a198034cd7cd,network_or_unknown,,normal_info,0,0,0
ZZM_COM_021a2bbf99ae,network_or_unknown,,normal_info,0,0,0
ZZM_COM_dd1a229f0539,network_or_unknown,,normal_info,0,0,0
ZZM_COM_346ee1c06444,station,1号线,normal_info,3,1,29
ZZM_COM_aadae54a9dae,station,1号线,normal_info,0,1,29
ZZM_COM_ebb1dd160bf2,line,2号线,normal_info,0,0,22
ZZM_COM_6521bbddc0a3,network_or_unknown,,normal_info,0,0,0
ZZM_COM_1c6442de5efe,line,2号线|城郊线,normal_info,0,0,39
ZZM_COM_259edb8efe52,station,1号线,normal_info,0,1,30
ZZM_COM_b14412309d9d,line,1号线,normal_info,0,0,30
ZZM_COM_7046a7e77624,network_or_unknown,,normal_info,0,0,0
ZZM_COM_522c60ce28bb,network_or_unknown,,normal_info,0,0,0
ZZM_COM_024605bb8d59,station,,crowd_weather_external,0,1,0
ZZM_COM_7c913fbf266d,station,1号线,normal_info,0,1,29
ZZM_COM_d0539bec4223,line,1号线,normal_info,3,0,30
ZZM_COM_a421561e0992,line,1号线,normal_info,0,0,30
ZZM_COM_074535abaf9c,network_or_unknown,,normal_info,0,0,0
ZZM_COM_7641efd230d8,network_or_unknown,,normal_info,0,0,0
ZZM_COM_719fd782bed1,station,,crowd_weather_external,0,1,0
ZZM_COM_5926df255722,station,1号线,normal_info,0,1,29
ZZM_COM_950dafa8e45c,line,1号线,normal_info,3,0,30
ZZM_COM_9b83c83d6c8d,line,1号线,normal_info,0,0,30
